-- MySQL dump 10.13  Distrib 8.0.38, for Win64 (x86_64)
--
-- Host: localhost    Database: internjava
-- ------------------------------------------------------
-- Server version	9.0.1

/*!40101 SET @OLD_CHARACTER_SET_CLIENT=@@CHARACTER_SET_CLIENT */;
/*!40101 SET @OLD_CHARACTER_SET_RESULTS=@@CHARACTER_SET_RESULTS */;
/*!40101 SET @OLD_COLLATION_CONNECTION=@@COLLATION_CONNECTION */;
/*!50503 SET NAMES utf8 */;
/*!40103 SET @OLD_TIME_ZONE=@@TIME_ZONE */;
/*!40103 SET TIME_ZONE='+00:00' */;
/*!40014 SET @OLD_UNIQUE_CHECKS=@@UNIQUE_CHECKS, UNIQUE_CHECKS=0 */;
/*!40014 SET @OLD_FOREIGN_KEY_CHECKS=@@FOREIGN_KEY_CHECKS, FOREIGN_KEY_CHECKS=0 */;
/*!40101 SET @OLD_SQL_MODE=@@SQL_MODE, SQL_MODE='NO_AUTO_VALUE_ON_ZERO' */;
/*!40111 SET @OLD_SQL_NOTES=@@SQL_NOTES, SQL_NOTES=0 */;

--
-- Table structure for table `category`
--

DROP TABLE IF EXISTS `category`;
/*!40101 SET @saved_cs_client     = @@character_set_client */;
/*!50503 SET character_set_client = utf8mb4 */;
CREATE TABLE `category` (
  `id` bigint NOT NULL AUTO_INCREMENT,
  `description` varchar(255) DEFAULT NULL,
  `name` varchar(255) DEFAULT NULL,
  `slug` varchar(255) DEFAULT NULL,
  `thumbnail` varchar(255) DEFAULT NULL,
  PRIMARY KEY (`id`)
) ENGINE=InnoDB AUTO_INCREMENT=5 DEFAULT CHARSET=utf8mb3;
/*!40101 SET character_set_client = @saved_cs_client */;

--
-- Dumping data for table `category`
--

LOCK TABLES `category` WRITE;
/*!40000 ALTER TABLE `category` DISABLE KEYS */;
INSERT INTO `category` VALUES (1,'Danh mục chỉ nhưng loại mặt hàng là trang phục','Clothing','clothing','https://images.unsplash.com/photo-1622445275463-afa2ab738c34?q=80&w=987&auto=format&fit=crop&ixlib=rb-4.0.3&ixid=M3wxMjA3fDB8MHxwaG90by1wYWdlfHx8fGVufDB8fHx8fA%3D%3D'),(3,'Danh mục chỉ nhưng loại mặt hàng là phụ kiện đi kèm','Accessories','accessories','https://images.unsplash.com/photo-1622445275463-afa2ab738c34?q=80&w=987&auto=format&fit=crop&ixlib=rb-4.0.3&ixid=M3wxMjA3fDB8MHxwaG90by1wYWdlfHx8fGVufDB8fHx8fA%3D%3D'),(4,'Danh mục chỉ nhưng loại mặt hàng decor nhà','Home & Decor','home-decor','https://images.unsplash.com/photo-1622445275463-afa2ab738c34?q=80&w=987&auto=format&fit=crop&ixlib=rb-4.0.3&ixid=M3wxMjA3fDB8MHxwaG90by1wYWdlfHx8fGVufDB8fHx8fA%3D%3D');
/*!40000 ALTER TABLE `category` ENABLE KEYS */;
UNLOCK TABLES;

--
-- Table structure for table `color`
--

DROP TABLE IF EXISTS `color`;
/*!40101 SET @saved_cs_client     = @@character_set_client */;
/*!50503 SET character_set_client = utf8mb4 */;
CREATE TABLE `color` (
  `id` bigint NOT NULL AUTO_INCREMENT,
  `code` varchar(255) DEFAULT NULL,
  `name` varchar(255) DEFAULT NULL,
  PRIMARY KEY (`id`)
) ENGINE=InnoDB AUTO_INCREMENT=7 DEFAULT CHARSET=utf8mb3;
/*!40101 SET character_set_client = @saved_cs_client */;

--
-- Dumping data for table `color`
--

LOCK TABLES `color` WRITE;
/*!40000 ALTER TABLE `color` DISABLE KEYS */;
INSERT INTO `color` VALUES (1,'#6439FF','Blue'),(2,'#FF6500','Orange'),(3,'#FFEB55','Yellow'),(4,'#347928','Green'),(5,'#A04747','Maroon'),(6,'#FF0080','Pink');
/*!40000 ALTER TABLE `color` ENABLE KEYS */;
UNLOCK TABLES;

--
-- Table structure for table `product`
--

DROP TABLE IF EXISTS `product`;
/*!40101 SET @saved_cs_client     = @@character_set_client */;
/*!50503 SET character_set_client = utf8mb4 */;
CREATE TABLE `product` (
  `id` bigint NOT NULL AUTO_INCREMENT,
  `description` varchar(255) DEFAULT NULL,
  `discount` int DEFAULT NULL,
  `images` longtext,
  `name` varchar(255) DEFAULT NULL,
  `price` decimal(38,2) DEFAULT NULL,
  `rating` float DEFAULT NULL,
  `slug` varchar(255) DEFAULT NULL,
  `stock` int DEFAULT NULL,
  `thumbnail` varchar(255) DEFAULT NULL,
  `view` int DEFAULT NULL,
  `category_id` bigint NOT NULL,
  `style_id` bigint NOT NULL,
  PRIMARY KEY (`id`),
  KEY `FK1mtsbur82frn64de7balymq9s` (`category_id`),
  KEY `FKaxirndytmbaluis7f80e5h53h` (`style_id`),
  CONSTRAINT `FK1mtsbur82frn64de7balymq9s` FOREIGN KEY (`category_id`) REFERENCES `category` (`id`),
  CONSTRAINT `FKaxirndytmbaluis7f80e5h53h` FOREIGN KEY (`style_id`) REFERENCES `style` (`id`)
) ENGINE=InnoDB AUTO_INCREMENT=86 DEFAULT CHARSET=utf8mb3;
/*!40101 SET character_set_client = @saved_cs_client */;

--
-- Dumping data for table `product`
--

LOCK TABLES `product` WRITE;
/*!40000 ALTER TABLE `product` DISABLE KEYS */;
INSERT INTO `product` VALUES (1,'Polo Man giành cho giới trẻ',NULL,'https://images.unsplash.com/photo-1622445275463-afa2ab738c34?q=80&w=1974&auto=format&fit=crop&ixlib=rb-4.0.3&ixid=M3wxMjA3fDB8MHxwaG90by1wYWdlfHx8fGVufDB8fHx8fA%3D%3D,https://images.unsplash.com/photo-1622445275463-afa2ab738c34?q=80&w=1974&auto=format&fit=crop&ixlib=rb-4.0.3&ixid=M3wxMjA3fDB8MHxwaG90by1wYWdlfHx8fGVufDB8fHx8fA%3D%3D','Polo Man',1800.00,NULL,'polo-man',90,'https://images.unsplash.com/photo-1622445275463-afa2ab738c34?q=80&w=1974&auto=format&fit=crop&ixlib=rb-4.0.3&ixid=M3wxMjA3fDB8MHxwaG90by1wYWdlfHx8fGVufDB8fHx8fA%3D%3D',NULL,1,1),(2,'Sơ mi giành cho nam',NULL,'https://images.unsplash.com/photo-1622445275463-afa2ab738c34?q=80&w=1974&auto=format&fit=crop&ixlib=rb-4.0.3&ixid=M3wxMjA3fDB8MHxwaG90by1wYWdlfHx8fGVufDB8fHx8fA%3D%3D,https://images.unsplash.com/photo-1622445275463-afa2ab738c34?q=80&w=1974&auto=format&fit=crop&ixlib=rb-4.0.3&ixid=M3wxMjA3fDB8MHxwaG90by1wYWdlfHx8fGVufDB8fHx8fA%3D%3D','Sơ mi cổ cao',700.00,NULL,'so-mi-co-cao',20,'https://images.unsplash.com/photo-1622445275463-afa2ab738c34?q=80&w=1974&auto=format&fit=crop&ixlib=rb-4.0.3&ixid=M3wxMjA3fDB8MHxwaG90by1wYWdlfHx8fGVufDB8fHx8fA%3D%3D',NULL,1,1),(3,'Sơ mi không cổ giành cho nam',NULL,'https://images.unsplash.com/photo-1622445275463-afa2ab738c34?q=80&w=1974&auto=format&fit=crop&ixlib=rb-4.0.3&ixid=M3wxMjA3fDB8MHxwaG90by1wYWdlfHx8fGVufDB8fHx8fA%3D%3D,https://images.unsplash.com/photo-1622445275463-afa2ab738c34?q=80&w=1974&auto=format&fit=crop&ixlib=rb-4.0.3&ixid=M3wxMjA3fDB8MHxwaG90by1wYWdlfHx8fGVufDB8fHx8fA%3D%3D','Sơ mi không có cổ',1000.00,NULL,'so-mi-khong-co-co',20,'https://images.unsplash.com/photo-1622445275463-afa2ab738c34?q=80&w=1974&auto=format&fit=crop&ixlib=rb-4.0.3&ixid=M3wxMjA3fDB8MHxwaG90by1wYWdlfHx8fGVufDB8fHx8fA%3D%3D',NULL,1,1),(4,'Áo dài giành cho nữ',NULL,'https://images.unsplash.com/photo-1622445275463-afa2ab738c34?q=80&w=1974&auto=format&fit=crop&ixlib=rb-4.0.3&ixid=M3wxMjA3fDB8MHxwaG90by1wYWdlfHx8fGVufDB8fHx8fA%3D%3D,https://images.unsplash.com/photo-1622445275463-afa2ab738c34?q=80&w=1974&auto=format&fit=crop&ixlib=rb-4.0.3&ixid=M3wxMjA3fDB8MHxwaG90by1wYWdlfHx8fGVufDB8fHx8fA%3D%3D','Áo dài nữ',500.00,NULL,'ao-dai-nu',20,'https://images.unsplash.com/photo-1622445275463-afa2ab738c34?q=80&w=1974&auto=format&fit=crop&ixlib=rb-4.0.3&ixid=M3wxMjA3fDB8MHxwaG90by1wYWdlfHx8fGVufDB8fHx8fA%3D%3D',NULL,1,1),(5,'Áo dài giành cho nữ 2',NULL,'https://images.unsplash.com/photo-1622445275463-afa2ab738c34?q=80&w=1974&auto=format&fit=crop&ixlib=rb-4.0.3&ixid=M3wxMjA3fDB8MHxwaG90by1wYWdlfHx8fGVufDB8fHx8fA%3D%3D,https://images.unsplash.com/photo-1622445275463-afa2ab738c34?q=80&w=1974&auto=format&fit=crop&ixlib=rb-4.0.3&ixid=M3wxMjA3fDB8MHxwaG90by1wYWdlfHx8fGVufDB8fHx8fA%3D%3D','Áo cho nữ 2',900.00,NULL,'ao-cho-nu-2',20,'https://images.unsplash.com/photo-1622445275463-afa2ab738c34?q=80&w=1974&auto=format&fit=crop&ixlib=rb-4.0.3&ixid=M3wxMjA3fDB8MHxwaG90by1wYWdlfHx8fGVufDB8fHx8fA%3D%3D',NULL,1,2),(6,'Áo dài giành cho nữ 3',NULL,'https://images.unsplash.com/photo-1622445275463-afa2ab738c34?q=80&w=1974&auto=format&fit=crop&ixlib=rb-4.0.3&ixid=M3wxMjA3fDB8MHxwaG90by1wYWdlfHx8fGVufDB8fHx8fA%3D%3D,https://images.unsplash.com/photo-1622445275463-afa2ab738c34?q=80&w=1974&auto=format&fit=crop&ixlib=rb-4.0.3&ixid=M3wxMjA3fDB8MHxwaG90by1wYWdlfHx8fGVufDB8fHx8fA%3D%3D','Áo cho nữ 3',900.00,NULL,'ao-cho-nu-3',20,'https://images.unsplash.com/photo-1622445275463-afa2ab738c34?q=80&w=1974&auto=format&fit=crop&ixlib=rb-4.0.3&ixid=M3wxMjA3fDB8MHxwaG90by1wYWdlfHx8fGVufDB8fHx8fA%3D%3D',NULL,1,2),(7,'Áo dài giành cho nữ 4',NULL,'https://images.unsplash.com/photo-1622445275463-afa2ab738c34?q=80&w=1974&auto=format&fit=crop&ixlib=rb-4.0.3&ixid=M3wxMjA3fDB8MHxwaG90by1wYWdlfHx8fGVufDB8fHx8fA%3D%3D,https://images.unsplash.com/photo-1622445275463-afa2ab738c34?q=80&w=1974&auto=format&fit=crop&ixlib=rb-4.0.3&ixid=M3wxMjA3fDB8MHxwaG90by1wYWdlfHx8fGVufDB8fHx8fA%3D%3D','Áo cho nữ 4',900.00,NULL,'ao-cho-nu-4',20,'https://images.unsplash.com/photo-1622445275463-afa2ab738c34?q=80&w=1974&auto=format&fit=crop&ixlib=rb-4.0.3&ixid=M3wxMjA3fDB8MHxwaG90by1wYWdlfHx8fGVufDB8fHx8fA%3D%3D',NULL,1,2),(8,'Áo dài giành cho nữ 5',NULL,'https://images.unsplash.com/photo-1622445275463-afa2ab738c34?q=80&w=1974&auto=format&fit=crop&ixlib=rb-4.0.3&ixid=M3wxMjA3fDB8MHxwaG90by1wYWdlfHx8fGVufDB8fHx8fA%3D%3D,https://images.unsplash.com/photo-1622445275463-afa2ab738c34?q=80&w=1974&auto=format&fit=crop&ixlib=rb-4.0.3&ixid=M3wxMjA3fDB8MHxwaG90by1wYWdlfHx8fGVufDB8fHx8fA%3D%3D','Áo cho nữ 5',900.00,NULL,'ao-cho-nu-5',20,'https://images.unsplash.com/photo-1622445275463-afa2ab738c34?q=80&w=1974&auto=format&fit=crop&ixlib=rb-4.0.3&ixid=M3wxMjA3fDB8MHxwaG90by1wYWdlfHx8fGVufDB8fHx8fA%3D%3D',NULL,1,3),(9,'Áo dài giành cho nữ 6',NULL,'https://images.unsplash.com/photo-1622445275463-afa2ab738c34?q=80&w=1974&auto=format&fit=crop&ixlib=rb-4.0.3&ixid=M3wxMjA3fDB8MHxwaG90by1wYWdlfHx8fGVufDB8fHx8fA%3D%3D,https://images.unsplash.com/photo-1622445275463-afa2ab738c34?q=80&w=1974&auto=format&fit=crop&ixlib=rb-4.0.3&ixid=M3wxMjA3fDB8MHxwaG90by1wYWdlfHx8fGVufDB8fHx8fA%3D%3D','Áo cho nữ 6',2000.00,NULL,'ao-cho-nu-6',20,'https://images.unsplash.com/photo-1622445275463-afa2ab738c34?q=80&w=1974&auto=format&fit=crop&ixlib=rb-4.0.3&ixid=M3wxMjA3fDB8MHxwaG90by1wYWdlfHx8fGVufDB8fHx8fA%3D%3D',NULL,1,3),(10,'Áo dài giành cho nữ 7',NULL,'https://images.unsplash.com/photo-1622445275463-afa2ab738c34?q=80&w=1974&auto=format&fit=crop&ixlib=rb-4.0.3&ixid=M3wxMjA3fDB8MHxwaG90by1wYWdlfHx8fGVufDB8fHx8fA%3D%3D,https://images.unsplash.com/photo-1622445275463-afa2ab738c34?q=80&w=1974&auto=format&fit=crop&ixlib=rb-4.0.3&ixid=M3wxMjA3fDB8MHxwaG90by1wYWdlfHx8fGVufDB8fHx8fA%3D%3D','Áo cho nữ 7',1500.00,NULL,'ao-cho-nu-7',20,'https://images.unsplash.com/photo-1622445275463-afa2ab738c34?q=80&w=1974&auto=format&fit=crop&ixlib=rb-4.0.3&ixid=M3wxMjA3fDB8MHxwaG90by1wYWdlfHx8fGVufDB8fHx8fA%3D%3D',NULL,1,3),(11,'Đồ decor 1',NULL,'https://images.unsplash.com/photo-1622445275463-afa2ab738c34?q=80&w=1974&auto=format&fit=crop&ixlib=rb-4.0.3&ixid=M3wxMjA3fDB8MHxwaG90by1wYWdlfHx8fGVufDB8fHx8fA%3D%3D,https://images.unsplash.com/photo-1622445275463-afa2ab738c34?q=80&w=1974&auto=format&fit=crop&ixlib=rb-4.0.3&ixid=M3wxMjA3fDB8MHxwaG90by1wYWdlfHx8fGVufDB8fHx8fA%3D%3D','Đồ decor 1',1500.00,NULL,'o-decor-1',20,'https://images.unsplash.com/photo-1622445275463-afa2ab738c34?q=80&w=1974&auto=format&fit=crop&ixlib=rb-4.0.3&ixid=M3wxMjA3fDB8MHxwaG90by1wYWdlfHx8fGVufDB8fHx8fA%3D%3D',NULL,4,4),(12,'Đồ decor 2',NULL,'https://images.unsplash.com/photo-1622445275463-afa2ab738c34?q=80&w=1974&auto=format&fit=crop&ixlib=rb-4.0.3&ixid=M3wxMjA3fDB8MHxwaG90by1wYWdlfHx8fGVufDB8fHx8fA%3D%3D,https://images.unsplash.com/photo-1622445275463-afa2ab738c34?q=80&w=1974&auto=format&fit=crop&ixlib=rb-4.0.3&ixid=M3wxMjA3fDB8MHxwaG90by1wYWdlfHx8fGVufDB8fHx8fA%3D%3D','Đồ decor 2',1500.00,NULL,'o-decor-2',20,'https://images.unsplash.com/photo-1622445275463-afa2ab738c34?q=80&w=1974&auto=format&fit=crop&ixlib=rb-4.0.3&ixid=M3wxMjA3fDB8MHxwaG90by1wYWdlfHx8fGVufDB8fHx8fA%3D%3D',NULL,4,4),(13,'Đồ decor 3',NULL,'https://images.unsplash.com/photo-1622445275463-afa2ab738c34?q=80&w=1974&auto=format&fit=crop&ixlib=rb-4.0.3&ixid=M3wxMjA3fDB8MHxwaG90by1wYWdlfHx8fGVufDB8fHx8fA%3D%3D,https://images.unsplash.com/photo-1622445275463-afa2ab738c34?q=80&w=1974&auto=format&fit=crop&ixlib=rb-4.0.3&ixid=M3wxMjA3fDB8MHxwaG90by1wYWdlfHx8fGVufDB8fHx8fA%3D%3D','Đồ decor 3',1500.00,NULL,'o-decor-3',20,'https://images.unsplash.com/photo-1622445275463-afa2ab738c34?q=80&w=1974&auto=format&fit=crop&ixlib=rb-4.0.3&ixid=M3wxMjA3fDB8MHxwaG90by1wYWdlfHx8fGVufDB8fHx8fA%3D%3D',NULL,4,4),(14,'Đồ decor 4',NULL,'https://images.unsplash.com/photo-1622445275463-afa2ab738c34?q=80&w=1974&auto=format&fit=crop&ixlib=rb-4.0.3&ixid=M3wxMjA3fDB8MHxwaG90by1wYWdlfHx8fGVufDB8fHx8fA%3D%3D,https://images.unsplash.com/photo-1622445275463-afa2ab738c34?q=80&w=1974&auto=format&fit=crop&ixlib=rb-4.0.3&ixid=M3wxMjA3fDB8MHxwaG90by1wYWdlfHx8fGVufDB8fHx8fA%3D%3D','Đồ decor 4',1500.00,NULL,'o-decor-4',20,'https://images.unsplash.com/photo-1622445275463-afa2ab738c34?q=80&w=1974&auto=format&fit=crop&ixlib=rb-4.0.3&ixid=M3wxMjA3fDB8MHxwaG90by1wYWdlfHx8fGVufDB8fHx8fA%3D%3D',NULL,4,4),(15,'Đồ decor 5',NULL,'https://images.unsplash.com/photo-1622445275463-afa2ab738c34?q=80&w=1974&auto=format&fit=crop&ixlib=rb-4.0.3&ixid=M3wxMjA3fDB8MHxwaG90by1wYWdlfHx8fGVufDB8fHx8fA%3D%3D,https://images.unsplash.com/photo-1622445275463-afa2ab738c34?q=80&w=1974&auto=format&fit=crop&ixlib=rb-4.0.3&ixid=M3wxMjA3fDB8MHxwaG90by1wYWdlfHx8fGVufDB8fHx8fA%3D%3D','Đồ decor 5',1500.00,NULL,'o-decor-5',20,'https://images.unsplash.com/photo-1622445275463-afa2ab738c34?q=80&w=1974&auto=format&fit=crop&ixlib=rb-4.0.3&ixid=M3wxMjA3fDB8MHxwaG90by1wYWdlfHx8fGVufDB8fHx8fA%3D%3D',NULL,4,4),(16,'Đồ decor 6',NULL,'https://images.unsplash.com/photo-1622445275463-afa2ab738c34?q=80&w=1974&auto=format&fit=crop&ixlib=rb-4.0.3&ixid=M3wxMjA3fDB8MHxwaG90by1wYWdlfHx8fGVufDB8fHx8fA%3D%3D,https://images.unsplash.com/photo-1622445275463-afa2ab738c34?q=80&w=1974&auto=format&fit=crop&ixlib=rb-4.0.3&ixid=M3wxMjA3fDB8MHxwaG90by1wYWdlfHx8fGVufDB8fHx8fA%3D%3D','Đồ decor 6',1500.00,NULL,'o-decor-6',20,'https://images.unsplash.com/photo-1622445275463-afa2ab738c34?q=80&w=1974&auto=format&fit=crop&ixlib=rb-4.0.3&ixid=M3wxMjA3fDB8MHxwaG90by1wYWdlfHx8fGVufDB8fHx8fA%3D%3D',NULL,4,4),(17,'Đồ decor 7',NULL,'https://images.unsplash.com/photo-1622445275463-afa2ab738c34?q=80&w=1974&auto=format&fit=crop&ixlib=rb-4.0.3&ixid=M3wxMjA3fDB8MHxwaG90by1wYWdlfHx8fGVufDB8fHx8fA%3D%3D,https://images.unsplash.com/photo-1622445275463-afa2ab738c34?q=80&w=1974&auto=format&fit=crop&ixlib=rb-4.0.3&ixid=M3wxMjA3fDB8MHxwaG90by1wYWdlfHx8fGVufDB8fHx8fA%3D%3D','Đồ decor 7',1500.00,NULL,'o-decor-7',20,'https://images.unsplash.com/photo-1622445275463-afa2ab738c34?q=80&w=1974&auto=format&fit=crop&ixlib=rb-4.0.3&ixid=M3wxMjA3fDB8MHxwaG90by1wYWdlfHx8fGVufDB8fHx8fA%3D%3D',NULL,4,4),(18,'Đồ decor 8',NULL,'https://images.unsplash.com/photo-1622445275463-afa2ab738c34?q=80&w=1974&auto=format&fit=crop&ixlib=rb-4.0.3&ixid=M3wxMjA3fDB8MHxwaG90by1wYWdlfHx8fGVufDB8fHx8fA%3D%3D,https://images.unsplash.com/photo-1622445275463-afa2ab738c34?q=80&w=1974&auto=format&fit=crop&ixlib=rb-4.0.3&ixid=M3wxMjA3fDB8MHxwaG90by1wYWdlfHx8fGVufDB8fHx8fA%3D%3D','Đồ decor 8',1500.00,NULL,'o-decor-8',20,'https://images.unsplash.com/photo-1622445275463-afa2ab738c34?q=80&w=1974&auto=format&fit=crop&ixlib=rb-4.0.3&ixid=M3wxMjA3fDB8MHxwaG90by1wYWdlfHx8fGVufDB8fHx8fA%3D%3D',NULL,4,4),(19,'Đồ decor 9',NULL,'https://images.unsplash.com/photo-1622445275463-afa2ab738c34?q=80&w=1974&auto=format&fit=crop&ixlib=rb-4.0.3&ixid=M3wxMjA3fDB8MHxwaG90by1wYWdlfHx8fGVufDB8fHx8fA%3D%3D,https://images.unsplash.com/photo-1622445275463-afa2ab738c34?q=80&w=1974&auto=format&fit=crop&ixlib=rb-4.0.3&ixid=M3wxMjA3fDB8MHxwaG90by1wYWdlfHx8fGVufDB8fHx8fA%3D%3D','Đồ decor 9',1500.00,NULL,'o-decor-9',20,'https://images.unsplash.com/photo-1622445275463-afa2ab738c34?q=80&w=1974&auto=format&fit=crop&ixlib=rb-4.0.3&ixid=M3wxMjA3fDB8MHxwaG90by1wYWdlfHx8fGVufDB8fHx8fA%3D%3D',NULL,4,5),(20,'Đồ decor 10',NULL,'https://images.unsplash.com/photo-1622445275463-afa2ab738c34?q=80&w=1974&auto=format&fit=crop&ixlib=rb-4.0.3&ixid=M3wxMjA3fDB8MHxwaG90by1wYWdlfHx8fGVufDB8fHx8fA%3D%3D,https://images.unsplash.com/photo-1622445275463-afa2ab738c34?q=80&w=1974&auto=format&fit=crop&ixlib=rb-4.0.3&ixid=M3wxMjA3fDB8MHxwaG90by1wYWdlfHx8fGVufDB8fHx8fA%3D%3D','Đồ decor 10',1500.00,NULL,'o-decor-10',20,'https://images.unsplash.com/photo-1622445275463-afa2ab738c34?q=80&w=1974&auto=format&fit=crop&ixlib=rb-4.0.3&ixid=M3wxMjA3fDB8MHxwaG90by1wYWdlfHx8fGVufDB8fHx8fA%3D%3D',NULL,4,5),(21,'Đồ decor 11',NULL,'https://images.unsplash.com/photo-1622445275463-afa2ab738c34?q=80&w=1974&auto=format&fit=crop&ixlib=rb-4.0.3&ixid=M3wxMjA3fDB8MHxwaG90by1wYWdlfHx8fGVufDB8fHx8fA%3D%3D,https://images.unsplash.com/photo-1622445275463-afa2ab738c34?q=80&w=1974&auto=format&fit=crop&ixlib=rb-4.0.3&ixid=M3wxMjA3fDB8MHxwaG90by1wYWdlfHx8fGVufDB8fHx8fA%3D%3D','Đồ decor 11',1500.00,NULL,'o-decor-11',20,'https://images.unsplash.com/photo-1622445275463-afa2ab738c34?q=80&w=1974&auto=format&fit=crop&ixlib=rb-4.0.3&ixid=M3wxMjA3fDB8MHxwaG90by1wYWdlfHx8fGVufDB8fHx8fA%3D%3D',NULL,4,5),(22,'Đồ decor 12',NULL,'https://images.unsplash.com/photo-1622445275463-afa2ab738c34?q=80&w=1974&auto=format&fit=crop&ixlib=rb-4.0.3&ixid=M3wxMjA3fDB8MHxwaG90by1wYWdlfHx8fGVufDB8fHx8fA%3D%3D,https://images.unsplash.com/photo-1622445275463-afa2ab738c34?q=80&w=1974&auto=format&fit=crop&ixlib=rb-4.0.3&ixid=M3wxMjA3fDB8MHxwaG90by1wYWdlfHx8fGVufDB8fHx8fA%3D%3D','Đồ decor 12',1500.00,NULL,'o-decor-12',20,'https://images.unsplash.com/photo-1622445275463-afa2ab738c34?q=80&w=1974&auto=format&fit=crop&ixlib=rb-4.0.3&ixid=M3wxMjA3fDB8MHxwaG90by1wYWdlfHx8fGVufDB8fHx8fA%3D%3D',NULL,4,5),(23,'Đồ decor 13',NULL,'https://images.unsplash.com/photo-1622445275463-afa2ab738c34?q=80&w=1974&auto=format&fit=crop&ixlib=rb-4.0.3&ixid=M3wxMjA3fDB8MHxwaG90by1wYWdlfHx8fGVufDB8fHx8fA%3D%3D,https://images.unsplash.com/photo-1622445275463-afa2ab738c34?q=80&w=1974&auto=format&fit=crop&ixlib=rb-4.0.3&ixid=M3wxMjA3fDB8MHxwaG90by1wYWdlfHx8fGVufDB8fHx8fA%3D%3D','Đồ decor 13',1500.00,NULL,'o-decor-13',20,'https://images.unsplash.com/photo-1622445275463-afa2ab738c34?q=80&w=1974&auto=format&fit=crop&ixlib=rb-4.0.3&ixid=M3wxMjA3fDB8MHxwaG90by1wYWdlfHx8fGVufDB8fHx8fA%3D%3D',NULL,4,5),(24,'Đồ decor 14',NULL,'https://images.unsplash.com/photo-1622445275463-afa2ab738c34?q=80&w=1974&auto=format&fit=crop&ixlib=rb-4.0.3&ixid=M3wxMjA3fDB8MHxwaG90by1wYWdlfHx8fGVufDB8fHx8fA%3D%3D,https://images.unsplash.com/photo-1622445275463-afa2ab738c34?q=80&w=1974&auto=format&fit=crop&ixlib=rb-4.0.3&ixid=M3wxMjA3fDB8MHxwaG90by1wYWdlfHx8fGVufDB8fHx8fA%3D%3D','Đồ decor 14',1500.00,NULL,'o-decor-14',20,'https://images.unsplash.com/photo-1622445275463-afa2ab738c34?q=80&w=1974&auto=format&fit=crop&ixlib=rb-4.0.3&ixid=M3wxMjA3fDB8MHxwaG90by1wYWdlfHx8fGVufDB8fHx8fA%3D%3D',NULL,4,5),(25,'Đồ decor 15',NULL,'https://images.unsplash.com/photo-1622445275463-afa2ab738c34?q=80&w=1974&auto=format&fit=crop&ixlib=rb-4.0.3&ixid=M3wxMjA3fDB8MHxwaG90by1wYWdlfHx8fGVufDB8fHx8fA%3D%3D,https://images.unsplash.com/photo-1622445275463-afa2ab738c34?q=80&w=1974&auto=format&fit=crop&ixlib=rb-4.0.3&ixid=M3wxMjA3fDB8MHxwaG90by1wYWdlfHx8fGVufDB8fHx8fA%3D%3D','Đồ decor 15',1500.00,NULL,'o-decor-15',20,'https://images.unsplash.com/photo-1622445275463-afa2ab738c34?q=80&w=1974&auto=format&fit=crop&ixlib=rb-4.0.3&ixid=M3wxMjA3fDB8MHxwaG90by1wYWdlfHx8fGVufDB8fHx8fA%3D%3D',NULL,4,5),(26,'Đồ decor 16',NULL,'https://images.unsplash.com/photo-1622445275463-afa2ab738c34?q=80&w=1974&auto=format&fit=crop&ixlib=rb-4.0.3&ixid=M3wxMjA3fDB8MHxwaG90by1wYWdlfHx8fGVufDB8fHx8fA%3D%3D,https://images.unsplash.com/photo-1622445275463-afa2ab738c34?q=80&w=1974&auto=format&fit=crop&ixlib=rb-4.0.3&ixid=M3wxMjA3fDB8MHxwaG90by1wYWdlfHx8fGVufDB8fHx8fA%3D%3D','Đồ decor 16',1500.00,NULL,'o-decor-16',20,'https://images.unsplash.com/photo-1622445275463-afa2ab738c34?q=80&w=1974&auto=format&fit=crop&ixlib=rb-4.0.3&ixid=M3wxMjA3fDB8MHxwaG90by1wYWdlfHx8fGVufDB8fHx8fA%3D%3D',NULL,4,5),(27,'Đồ decor 17',NULL,'https://images.unsplash.com/photo-1622445275463-afa2ab738c34?q=80&w=1974&auto=format&fit=crop&ixlib=rb-4.0.3&ixid=M3wxMjA3fDB8MHxwaG90by1wYWdlfHx8fGVufDB8fHx8fA%3D%3D,https://images.unsplash.com/photo-1622445275463-afa2ab738c34?q=80&w=1974&auto=format&fit=crop&ixlib=rb-4.0.3&ixid=M3wxMjA3fDB8MHxwaG90by1wYWdlfHx8fGVufDB8fHx8fA%3D%3D','Đồ decor 17',1500.00,NULL,'o-decor-17',20,'https://images.unsplash.com/photo-1622445275463-afa2ab738c34?q=80&w=1974&auto=format&fit=crop&ixlib=rb-4.0.3&ixid=M3wxMjA3fDB8MHxwaG90by1wYWdlfHx8fGVufDB8fHx8fA%3D%3D',NULL,4,5),(28,'Đồ decor 18',NULL,'https://images.unsplash.com/photo-1622445275463-afa2ab738c34?q=80&w=1974&auto=format&fit=crop&ixlib=rb-4.0.3&ixid=M3wxMjA3fDB8MHxwaG90by1wYWdlfHx8fGVufDB8fHx8fA%3D%3D,https://images.unsplash.com/photo-1622445275463-afa2ab738c34?q=80&w=1974&auto=format&fit=crop&ixlib=rb-4.0.3&ixid=M3wxMjA3fDB8MHxwaG90by1wYWdlfHx8fGVufDB8fHx8fA%3D%3D','Đồ decor 18',1500.00,NULL,'o-decor-18',20,'https://images.unsplash.com/photo-1622445275463-afa2ab738c34?q=80&w=1974&auto=format&fit=crop&ixlib=rb-4.0.3&ixid=M3wxMjA3fDB8MHxwaG90by1wYWdlfHx8fGVufDB8fHx8fA%3D%3D',NULL,4,5),(29,'Đồ decor 19',NULL,'https://images.unsplash.com/photo-1622445275463-afa2ab738c34?q=80&w=1974&auto=format&fit=crop&ixlib=rb-4.0.3&ixid=M3wxMjA3fDB8MHxwaG90by1wYWdlfHx8fGVufDB8fHx8fA%3D%3D,https://images.unsplash.com/photo-1622445275463-afa2ab738c34?q=80&w=1974&auto=format&fit=crop&ixlib=rb-4.0.3&ixid=M3wxMjA3fDB8MHxwaG90by1wYWdlfHx8fGVufDB8fHx8fA%3D%3D','Đồ decor 19',1500.00,NULL,'o-decor-19',20,'https://images.unsplash.com/photo-1622445275463-afa2ab738c34?q=80&w=1974&auto=format&fit=crop&ixlib=rb-4.0.3&ixid=M3wxMjA3fDB8MHxwaG90by1wYWdlfHx8fGVufDB8fHx8fA%3D%3D',NULL,4,6),(30,'Đồ decor 19',NULL,'https://images.unsplash.com/photo-1622445275463-afa2ab738c34?q=80&w=1974&auto=format&fit=crop&ixlib=rb-4.0.3&ixid=M3wxMjA3fDB8MHxwaG90by1wYWdlfHx8fGVufDB8fHx8fA%3D%3D,https://images.unsplash.com/photo-1622445275463-afa2ab738c34?q=80&w=1974&auto=format&fit=crop&ixlib=rb-4.0.3&ixid=M3wxMjA3fDB8MHxwaG90by1wYWdlfHx8fGVufDB8fHx8fA%3D%3D','Đồ decor 19',5700.00,NULL,'o-decor-19',20,'https://images.unsplash.com/photo-1622445275463-afa2ab738c34?q=80&w=1974&auto=format&fit=crop&ixlib=rb-4.0.3&ixid=M3wxMjA3fDB8MHxwaG90by1wYWdlfHx8fGVufDB8fHx8fA%3D%3D',NULL,4,6),(31,'Đồ decor 20',NULL,'https://images.unsplash.com/photo-1622445275463-afa2ab738c34?q=80&w=1974&auto=format&fit=crop&ixlib=rb-4.0.3&ixid=M3wxMjA3fDB8MHxwaG90by1wYWdlfHx8fGVufDB8fHx8fA%3D%3D,https://images.unsplash.com/photo-1622445275463-afa2ab738c34?q=80&w=1974&auto=format&fit=crop&ixlib=rb-4.0.3&ixid=M3wxMjA3fDB8MHxwaG90by1wYWdlfHx8fGVufDB8fHx8fA%3D%3D','Đồ decor 20',1784.00,NULL,'o-decor-20',20,'https://images.unsplash.com/photo-1622445275463-afa2ab738c34?q=80&w=1974&auto=format&fit=crop&ixlib=rb-4.0.3&ixid=M3wxMjA3fDB8MHxwaG90by1wYWdlfHx8fGVufDB8fHx8fA%3D%3D',NULL,4,6),(32,'Đồ decor 21',NULL,'https://images.unsplash.com/photo-1622445275463-afa2ab738c34?q=80&w=1974&auto=format&fit=crop&ixlib=rb-4.0.3&ixid=M3wxMjA3fDB8MHxwaG90by1wYWdlfHx8fGVufDB8fHx8fA%3D%3D,https://images.unsplash.com/photo-1622445275463-afa2ab738c34?q=80&w=1974&auto=format&fit=crop&ixlib=rb-4.0.3&ixid=M3wxMjA3fDB8MHxwaG90by1wYWdlfHx8fGVufDB8fHx8fA%3D%3D','Đồ decor 21',789.00,NULL,'o-decor-21',20,'https://images.unsplash.com/photo-1622445275463-afa2ab738c34?q=80&w=1974&auto=format&fit=crop&ixlib=rb-4.0.3&ixid=M3wxMjA3fDB8MHxwaG90by1wYWdlfHx8fGVufDB8fHx8fA%3D%3D',NULL,4,6),(33,'Đồ decor 22',NULL,'https://images.unsplash.com/photo-1622445275463-afa2ab738c34?q=80&w=1974&auto=format&fit=crop&ixlib=rb-4.0.3&ixid=M3wxMjA3fDB8MHxwaG90by1wYWdlfHx8fGVufDB8fHx8fA%3D%3D,https://images.unsplash.com/photo-1622445275463-afa2ab738c34?q=80&w=1974&auto=format&fit=crop&ixlib=rb-4.0.3&ixid=M3wxMjA3fDB8MHxwaG90by1wYWdlfHx8fGVufDB8fHx8fA%3D%3D','Đồ decor 22',944.00,NULL,'o-decor-22',20,'https://images.unsplash.com/photo-1622445275463-afa2ab738c34?q=80&w=1974&auto=format&fit=crop&ixlib=rb-4.0.3&ixid=M3wxMjA3fDB8MHxwaG90by1wYWdlfHx8fGVufDB8fHx8fA%3D%3D',NULL,4,6),(34,'Đồ decor 23',NULL,'https://images.unsplash.com/photo-1622445275463-afa2ab738c34?q=80&w=1974&auto=format&fit=crop&ixlib=rb-4.0.3&ixid=M3wxMjA3fDB8MHxwaG90by1wYWdlfHx8fGVufDB8fHx8fA%3D%3D,https://images.unsplash.com/photo-1622445275463-afa2ab738c34?q=80&w=1974&auto=format&fit=crop&ixlib=rb-4.0.3&ixid=M3wxMjA3fDB8MHxwaG90by1wYWdlfHx8fGVufDB8fHx8fA%3D%3D','Đồ decor 23',7923.00,NULL,'o-decor-23',20,'https://images.unsplash.com/photo-1622445275463-afa2ab738c34?q=80&w=1974&auto=format&fit=crop&ixlib=rb-4.0.3&ixid=M3wxMjA3fDB8MHxwaG90by1wYWdlfHx8fGVufDB8fHx8fA%3D%3D',NULL,4,6),(35,'Đồ decor 24',NULL,'https://images.unsplash.com/photo-1622445275463-afa2ab738c34?q=80&w=1974&auto=format&fit=crop&ixlib=rb-4.0.3&ixid=M3wxMjA3fDB8MHxwaG90by1wYWdlfHx8fGVufDB8fHx8fA%3D%3D,https://images.unsplash.com/photo-1622445275463-afa2ab738c34?q=80&w=1974&auto=format&fit=crop&ixlib=rb-4.0.3&ixid=M3wxMjA3fDB8MHxwaG90by1wYWdlfHx8fGVufDB8fHx8fA%3D%3D','Đồ decor 24',5999.00,NULL,'o-decor-24',20,'https://images.unsplash.com/photo-1622445275463-afa2ab738c34?q=80&w=1974&auto=format&fit=crop&ixlib=rb-4.0.3&ixid=M3wxMjA3fDB8MHxwaG90by1wYWdlfHx8fGVufDB8fHx8fA%3D%3D',NULL,4,6),(36,'Đồ decor 29',NULL,'https://images.unsplash.com/photo-1622445275463-afa2ab738c34?q=80&w=1974&auto=format&fit=crop&ixlib=rb-4.0.3&ixid=M3wxMjA3fDB8MHxwaG90by1wYWdlfHx8fGVufDB8fHx8fA%3D%3D,https://images.unsplash.com/photo-1622445275463-afa2ab738c34?q=80&w=1974&auto=format&fit=crop&ixlib=rb-4.0.3&ixid=M3wxMjA3fDB8MHxwaG90by1wYWdlfHx8fGVufDB8fHx8fA%3D%3D','Đồ decor 29',5999.00,NULL,'o-decor-29',20,'https://images.unsplash.com/photo-1622445275463-afa2ab738c34?q=80&w=1974&auto=format&fit=crop&ixlib=rb-4.0.3&ixid=M3wxMjA3fDB8MHxwaG90by1wYWdlfHx8fGVufDB8fHx8fA%3D%3D',NULL,4,6),(37,'Phụ Kiện 1',NULL,'https://images.unsplash.com/photo-1622445275463-afa2ab738c34?q=80&w=1974&auto=format&fit=crop&ixlib=rb-4.0.3&ixid=M3wxMjA3fDB8MHxwaG90by1wYWdlfHx8fGVufDB8fHx8fA%3D%3D,https://images.unsplash.com/photo-1622445275463-afa2ab738c34?q=80&w=1974&auto=format&fit=crop&ixlib=rb-4.0.3&ixid=M3wxMjA3fDB8MHxwaG90by1wYWdlfHx8fGVufDB8fHx8fA%3D%3D','Phụ Kiện 1',5999.00,NULL,'phu-kien-1',20,'https://images.unsplash.com/photo-1622445275463-afa2ab738c34?q=80&w=1974&auto=format&fit=crop&ixlib=rb-4.0.3&ixid=M3wxMjA3fDB8MHxwaG90by1wYWdlfHx8fGVufDB8fHx8fA%3D%3D',NULL,3,7),(38,'Phụ Kiện 2',NULL,'https://images.unsplash.com/photo-1622445275463-afa2ab738c34?q=80&w=1974&auto=format&fit=crop&ixlib=rb-4.0.3&ixid=M3wxMjA3fDB8MHxwaG90by1wYWdlfHx8fGVufDB8fHx8fA%3D%3D,https://images.unsplash.com/photo-1622445275463-afa2ab738c34?q=80&w=1974&auto=format&fit=crop&ixlib=rb-4.0.3&ixid=M3wxMjA3fDB8MHxwaG90by1wYWdlfHx8fGVufDB8fHx8fA%3D%3D','Phụ Kiện 2',5999.00,NULL,'phu-kien-2',20,'https://images.unsplash.com/photo-1622445275463-afa2ab738c34?q=80&w=1974&auto=format&fit=crop&ixlib=rb-4.0.3&ixid=M3wxMjA3fDB8MHxwaG90by1wYWdlfHx8fGVufDB8fHx8fA%3D%3D',NULL,3,7),(39,'Phụ Kiện 3',NULL,'https://images.unsplash.com/photo-1622445275463-afa2ab738c34?q=80&w=1974&auto=format&fit=crop&ixlib=rb-4.0.3&ixid=M3wxMjA3fDB8MHxwaG90by1wYWdlfHx8fGVufDB8fHx8fA%3D%3D,https://images.unsplash.com/photo-1622445275463-afa2ab738c34?q=80&w=1974&auto=format&fit=crop&ixlib=rb-4.0.3&ixid=M3wxMjA3fDB8MHxwaG90by1wYWdlfHx8fGVufDB8fHx8fA%3D%3D','Phụ Kiện 3',5999.00,NULL,'phu-kien-3',20,'https://images.unsplash.com/photo-1622445275463-afa2ab738c34?q=80&w=1974&auto=format&fit=crop&ixlib=rb-4.0.3&ixid=M3wxMjA3fDB8MHxwaG90by1wYWdlfHx8fGVufDB8fHx8fA%3D%3D',NULL,3,7),(40,'Phụ Kiện 4',NULL,'https://images.unsplash.com/photo-1622445275463-afa2ab738c34?q=80&w=1974&auto=format&fit=crop&ixlib=rb-4.0.3&ixid=M3wxMjA3fDB8MHxwaG90by1wYWdlfHx8fGVufDB8fHx8fA%3D%3D,https://images.unsplash.com/photo-1622445275463-afa2ab738c34?q=80&w=1974&auto=format&fit=crop&ixlib=rb-4.0.3&ixid=M3wxMjA3fDB8MHxwaG90by1wYWdlfHx8fGVufDB8fHx8fA%3D%3D','Phụ Kiện 4',5999.00,NULL,'phu-kien-4',20,'https://images.unsplash.com/photo-1622445275463-afa2ab738c34?q=80&w=1974&auto=format&fit=crop&ixlib=rb-4.0.3&ixid=M3wxMjA3fDB8MHxwaG90by1wYWdlfHx8fGVufDB8fHx8fA%3D%3D',NULL,3,7),(41,'Phụ Kiện 5',NULL,'https://images.unsplash.com/photo-1622445275463-afa2ab738c34?q=80&w=1974&auto=format&fit=crop&ixlib=rb-4.0.3&ixid=M3wxMjA3fDB8MHxwaG90by1wYWdlfHx8fGVufDB8fHx8fA%3D%3D,https://images.unsplash.com/photo-1622445275463-afa2ab738c34?q=80&w=1974&auto=format&fit=crop&ixlib=rb-4.0.3&ixid=M3wxMjA3fDB8MHxwaG90by1wYWdlfHx8fGVufDB8fHx8fA%3D%3D','Phụ Kiện 5',5999.00,NULL,'phu-kien-5',20,'https://images.unsplash.com/photo-1622445275463-afa2ab738c34?q=80&w=1974&auto=format&fit=crop&ixlib=rb-4.0.3&ixid=M3wxMjA3fDB8MHxwaG90by1wYWdlfHx8fGVufDB8fHx8fA%3D%3D',NULL,3,7),(42,'Phụ Kiện 6',NULL,'https://images.unsplash.com/photo-1622445275463-afa2ab738c34?q=80&w=1974&auto=format&fit=crop&ixlib=rb-4.0.3&ixid=M3wxMjA3fDB8MHxwaG90by1wYWdlfHx8fGVufDB8fHx8fA%3D%3D,https://images.unsplash.com/photo-1622445275463-afa2ab738c34?q=80&w=1974&auto=format&fit=crop&ixlib=rb-4.0.3&ixid=M3wxMjA3fDB8MHxwaG90by1wYWdlfHx8fGVufDB8fHx8fA%3D%3D','Phụ Kiện 6',5999.00,NULL,'phu-kien-6',20,'https://images.unsplash.com/photo-1622445275463-afa2ab738c34?q=80&w=1974&auto=format&fit=crop&ixlib=rb-4.0.3&ixid=M3wxMjA3fDB8MHxwaG90by1wYWdlfHx8fGVufDB8fHx8fA%3D%3D',NULL,3,7),(43,'Phụ Kiện 7',NULL,'https://images.unsplash.com/photo-1622445275463-afa2ab738c34?q=80&w=1974&auto=format&fit=crop&ixlib=rb-4.0.3&ixid=M3wxMjA3fDB8MHxwaG90by1wYWdlfHx8fGVufDB8fHx8fA%3D%3D,https://images.unsplash.com/photo-1622445275463-afa2ab738c34?q=80&w=1974&auto=format&fit=crop&ixlib=rb-4.0.3&ixid=M3wxMjA3fDB8MHxwaG90by1wYWdlfHx8fGVufDB8fHx8fA%3D%3D','Phụ Kiện 7',5999.00,NULL,'phu-kien-7',20,'https://images.unsplash.com/photo-1622445275463-afa2ab738c34?q=80&w=1974&auto=format&fit=crop&ixlib=rb-4.0.3&ixid=M3wxMjA3fDB8MHxwaG90by1wYWdlfHx8fGVufDB8fHx8fA%3D%3D',NULL,3,7),(44,'Phụ Kiện 8',NULL,'https://images.unsplash.com/photo-1622445275463-afa2ab738c34?q=80&w=1974&auto=format&fit=crop&ixlib=rb-4.0.3&ixid=M3wxMjA3fDB8MHxwaG90by1wYWdlfHx8fGVufDB8fHx8fA%3D%3D,https://images.unsplash.com/photo-1622445275463-afa2ab738c34?q=80&w=1974&auto=format&fit=crop&ixlib=rb-4.0.3&ixid=M3wxMjA3fDB8MHxwaG90by1wYWdlfHx8fGVufDB8fHx8fA%3D%3D','Phụ Kiện 8',5999.00,NULL,'phu-kien-8',20,'https://images.unsplash.com/photo-1622445275463-afa2ab738c34?q=80&w=1974&auto=format&fit=crop&ixlib=rb-4.0.3&ixid=M3wxMjA3fDB8MHxwaG90by1wYWdlfHx8fGVufDB8fHx8fA%3D%3D',NULL,3,7),(45,'Phụ Kiện 9',NULL,'https://images.unsplash.com/photo-1622445275463-afa2ab738c34?q=80&w=1974&auto=format&fit=crop&ixlib=rb-4.0.3&ixid=M3wxMjA3fDB8MHxwaG90by1wYWdlfHx8fGVufDB8fHx8fA%3D%3D,https://images.unsplash.com/photo-1622445275463-afa2ab738c34?q=80&w=1974&auto=format&fit=crop&ixlib=rb-4.0.3&ixid=M3wxMjA3fDB8MHxwaG90by1wYWdlfHx8fGVufDB8fHx8fA%3D%3D','Phụ Kiện 9',5999.00,NULL,'phu-kien-9',20,'https://images.unsplash.com/photo-1622445275463-afa2ab738c34?q=80&w=1974&auto=format&fit=crop&ixlib=rb-4.0.3&ixid=M3wxMjA3fDB8MHxwaG90by1wYWdlfHx8fGVufDB8fHx8fA%3D%3D',NULL,3,7),(46,'Phụ Kiện 10',NULL,'https://images.unsplash.com/photo-1622445275463-afa2ab738c34?q=80&w=1974&auto=format&fit=crop&ixlib=rb-4.0.3&ixid=M3wxMjA3fDB8MHxwaG90by1wYWdlfHx8fGVufDB8fHx8fA%3D%3D,https://images.unsplash.com/photo-1622445275463-afa2ab738c34?q=80&w=1974&auto=format&fit=crop&ixlib=rb-4.0.3&ixid=M3wxMjA3fDB8MHxwaG90by1wYWdlfHx8fGVufDB8fHx8fA%3D%3D','Phụ Kiện 10',5999.00,NULL,'phu-kien-10',20,'https://images.unsplash.com/photo-1622445275463-afa2ab738c34?q=80&w=1974&auto=format&fit=crop&ixlib=rb-4.0.3&ixid=M3wxMjA3fDB8MHxwaG90by1wYWdlfHx8fGVufDB8fHx8fA%3D%3D',NULL,3,8),(47,'Phụ Kiện 11',NULL,'https://images.unsplash.com/photo-1622445275463-afa2ab738c34?q=80&w=1974&auto=format&fit=crop&ixlib=rb-4.0.3&ixid=M3wxMjA3fDB8MHxwaG90by1wYWdlfHx8fGVufDB8fHx8fA%3D%3D,https://images.unsplash.com/photo-1622445275463-afa2ab738c34?q=80&w=1974&auto=format&fit=crop&ixlib=rb-4.0.3&ixid=M3wxMjA3fDB8MHxwaG90by1wYWdlfHx8fGVufDB8fHx8fA%3D%3D','Phụ Kiện 11',5999.00,NULL,'phu-kien-11',20,'https://images.unsplash.com/photo-1622445275463-afa2ab738c34?q=80&w=1974&auto=format&fit=crop&ixlib=rb-4.0.3&ixid=M3wxMjA3fDB8MHxwaG90by1wYWdlfHx8fGVufDB8fHx8fA%3D%3D',NULL,3,8),(48,'Phụ Kiện 12',NULL,'https://images.unsplash.com/photo-1622445275463-afa2ab738c34?q=80&w=1974&auto=format&fit=crop&ixlib=rb-4.0.3&ixid=M3wxMjA3fDB8MHxwaG90by1wYWdlfHx8fGVufDB8fHx8fA%3D%3D,https://images.unsplash.com/photo-1622445275463-afa2ab738c34?q=80&w=1974&auto=format&fit=crop&ixlib=rb-4.0.3&ixid=M3wxMjA3fDB8MHxwaG90by1wYWdlfHx8fGVufDB8fHx8fA%3D%3D','Phụ Kiện 12',5999.00,NULL,'phu-kien-12',20,'https://images.unsplash.com/photo-1622445275463-afa2ab738c34?q=80&w=1974&auto=format&fit=crop&ixlib=rb-4.0.3&ixid=M3wxMjA3fDB8MHxwaG90by1wYWdlfHx8fGVufDB8fHx8fA%3D%3D',NULL,3,8),(49,'Phụ Kiện 13',NULL,'https://images.unsplash.com/photo-1622445275463-afa2ab738c34?q=80&w=1974&auto=format&fit=crop&ixlib=rb-4.0.3&ixid=M3wxMjA3fDB8MHxwaG90by1wYWdlfHx8fGVufDB8fHx8fA%3D%3D,https://images.unsplash.com/photo-1622445275463-afa2ab738c34?q=80&w=1974&auto=format&fit=crop&ixlib=rb-4.0.3&ixid=M3wxMjA3fDB8MHxwaG90by1wYWdlfHx8fGVufDB8fHx8fA%3D%3D','Phụ Kiện 13',5999.00,NULL,'phu-kien-13',20,'https://images.unsplash.com/photo-1622445275463-afa2ab738c34?q=80&w=1974&auto=format&fit=crop&ixlib=rb-4.0.3&ixid=M3wxMjA3fDB8MHxwaG90by1wYWdlfHx8fGVufDB8fHx8fA%3D%3D',NULL,3,8),(50,'Phụ Kiện 14',NULL,'https://images.unsplash.com/photo-1622445275463-afa2ab738c34?q=80&w=1974&auto=format&fit=crop&ixlib=rb-4.0.3&ixid=M3wxMjA3fDB8MHxwaG90by1wYWdlfHx8fGVufDB8fHx8fA%3D%3D,https://images.unsplash.com/photo-1622445275463-afa2ab738c34?q=80&w=1974&auto=format&fit=crop&ixlib=rb-4.0.3&ixid=M3wxMjA3fDB8MHxwaG90by1wYWdlfHx8fGVufDB8fHx8fA%3D%3D','Phụ Kiện 14',547.00,NULL,'phu-kien-14',20,'https://images.unsplash.com/photo-1622445275463-afa2ab738c34?q=80&w=1974&auto=format&fit=crop&ixlib=rb-4.0.3&ixid=M3wxMjA3fDB8MHxwaG90by1wYWdlfHx8fGVufDB8fHx8fA%3D%3D',NULL,3,8),(51,'Phụ Kiện 15',NULL,'https://images.unsplash.com/photo-1622445275463-afa2ab738c34?q=80&w=1974&auto=format&fit=crop&ixlib=rb-4.0.3&ixid=M3wxMjA3fDB8MHxwaG90by1wYWdlfHx8fGVufDB8fHx8fA%3D%3D,https://images.unsplash.com/photo-1622445275463-afa2ab738c34?q=80&w=1974&auto=format&fit=crop&ixlib=rb-4.0.3&ixid=M3wxMjA3fDB8MHxwaG90by1wYWdlfHx8fGVufDB8fHx8fA%3D%3D','Phụ Kiện 15',756.00,NULL,'phu-kien-15',20,'https://images.unsplash.com/photo-1622445275463-afa2ab738c34?q=80&w=1974&auto=format&fit=crop&ixlib=rb-4.0.3&ixid=M3wxMjA3fDB8MHxwaG90by1wYWdlfHx8fGVufDB8fHx8fA%3D%3D',NULL,3,8),(52,'Phụ Kiện 16',NULL,'https://images.unsplash.com/photo-1622445275463-afa2ab738c34?q=80&w=1974&auto=format&fit=crop&ixlib=rb-4.0.3&ixid=M3wxMjA3fDB8MHxwaG90by1wYWdlfHx8fGVufDB8fHx8fA%3D%3D,https://images.unsplash.com/photo-1622445275463-afa2ab738c34?q=80&w=1974&auto=format&fit=crop&ixlib=rb-4.0.3&ixid=M3wxMjA3fDB8MHxwaG90by1wYWdlfHx8fGVufDB8fHx8fA%3D%3D','Phụ Kiện 16',876.00,NULL,'phu-kien-16',20,'https://images.unsplash.com/photo-1622445275463-afa2ab738c34?q=80&w=1974&auto=format&fit=crop&ixlib=rb-4.0.3&ixid=M3wxMjA3fDB8MHxwaG90by1wYWdlfHx8fGVufDB8fHx8fA%3D%3D',NULL,3,8),(53,'Phụ Kiện 17',NULL,'https://images.unsplash.com/photo-1622445275463-afa2ab738c34?q=80&w=1974&auto=format&fit=crop&ixlib=rb-4.0.3&ixid=M3wxMjA3fDB8MHxwaG90by1wYWdlfHx8fGVufDB8fHx8fA%3D%3D,https://images.unsplash.com/photo-1622445275463-afa2ab738c34?q=80&w=1974&auto=format&fit=crop&ixlib=rb-4.0.3&ixid=M3wxMjA3fDB8MHxwaG90by1wYWdlfHx8fGVufDB8fHx8fA%3D%3D','Phụ Kiện 17',987.00,NULL,'phu-kien-17',20,'https://images.unsplash.com/photo-1622445275463-afa2ab738c34?q=80&w=1974&auto=format&fit=crop&ixlib=rb-4.0.3&ixid=M3wxMjA3fDB8MHxwaG90by1wYWdlfHx8fGVufDB8fHx8fA%3D%3D',NULL,3,8),(54,'Phụ Kiện 18',NULL,'https://images.unsplash.com/photo-1622445275463-afa2ab738c34?q=80&w=1974&auto=format&fit=crop&ixlib=rb-4.0.3&ixid=M3wxMjA3fDB8MHxwaG90by1wYWdlfHx8fGVufDB8fHx8fA%3D%3D,https://images.unsplash.com/photo-1622445275463-afa2ab738c34?q=80&w=1974&auto=format&fit=crop&ixlib=rb-4.0.3&ixid=M3wxMjA3fDB8MHxwaG90by1wYWdlfHx8fGVufDB8fHx8fA%3D%3D','Phụ Kiện 18',4355.00,NULL,'phu-kien-18',20,'https://images.unsplash.com/photo-1622445275463-afa2ab738c34?q=80&w=1974&auto=format&fit=crop&ixlib=rb-4.0.3&ixid=M3wxMjA3fDB8MHxwaG90by1wYWdlfHx8fGVufDB8fHx8fA%3D%3D',NULL,3,8),(55,'Phụ Kiện 19',NULL,'https://images.unsplash.com/photo-1622445275463-afa2ab738c34?q=80&w=1974&auto=format&fit=crop&ixlib=rb-4.0.3&ixid=M3wxMjA3fDB8MHxwaG90by1wYWdlfHx8fGVufDB8fHx8fA%3D%3D,https://images.unsplash.com/photo-1622445275463-afa2ab738c34?q=80&w=1974&auto=format&fit=crop&ixlib=rb-4.0.3&ixid=M3wxMjA3fDB8MHxwaG90by1wYWdlfHx8fGVufDB8fHx8fA%3D%3D','Phụ Kiện 19',23.00,NULL,'phu-kien-19',20,'https://images.unsplash.com/photo-1622445275463-afa2ab738c34?q=80&w=1974&auto=format&fit=crop&ixlib=rb-4.0.3&ixid=M3wxMjA3fDB8MHxwaG90by1wYWdlfHx8fGVufDB8fHx8fA%3D%3D',NULL,3,8),(56,'Phụ Kiện 20',NULL,'https://images.unsplash.com/photo-1622445275463-afa2ab738c34?q=80&w=1974&auto=format&fit=crop&ixlib=rb-4.0.3&ixid=M3wxMjA3fDB8MHxwaG90by1wYWdlfHx8fGVufDB8fHx8fA%3D%3D,https://images.unsplash.com/photo-1622445275463-afa2ab738c34?q=80&w=1974&auto=format&fit=crop&ixlib=rb-4.0.3&ixid=M3wxMjA3fDB8MHxwaG90by1wYWdlfHx8fGVufDB8fHx8fA%3D%3D','Phụ Kiện 20',6554.00,NULL,'phu-kien-20',20,'https://images.unsplash.com/photo-1622445275463-afa2ab738c34?q=80&w=1974&auto=format&fit=crop&ixlib=rb-4.0.3&ixid=M3wxMjA3fDB8MHxwaG90by1wYWdlfHx8fGVufDB8fHx8fA%3D%3D',NULL,3,8),(57,'Phụ Kiện 21',NULL,'https://images.unsplash.com/photo-1622445275463-afa2ab738c34?q=80&w=1974&auto=format&fit=crop&ixlib=rb-4.0.3&ixid=M3wxMjA3fDB8MHxwaG90by1wYWdlfHx8fGVufDB8fHx8fA%3D%3D,https://images.unsplash.com/photo-1622445275463-afa2ab738c34?q=80&w=1974&auto=format&fit=crop&ixlib=rb-4.0.3&ixid=M3wxMjA3fDB8MHxwaG90by1wYWdlfHx8fGVufDB8fHx8fA%3D%3D','Phụ Kiện 21',654.00,NULL,'phu-kien-21',20,'https://images.unsplash.com/photo-1622445275463-afa2ab738c34?q=80&w=1974&auto=format&fit=crop&ixlib=rb-4.0.3&ixid=M3wxMjA3fDB8MHxwaG90by1wYWdlfHx8fGVufDB8fHx8fA%3D%3D',NULL,3,8),(58,'Phụ Kiện 22',NULL,'https://images.unsplash.com/photo-1622445275463-afa2ab738c34?q=80&w=1974&auto=format&fit=crop&ixlib=rb-4.0.3&ixid=M3wxMjA3fDB8MHxwaG90by1wYWdlfHx8fGVufDB8fHx8fA%3D%3D,https://images.unsplash.com/photo-1622445275463-afa2ab738c34?q=80&w=1974&auto=format&fit=crop&ixlib=rb-4.0.3&ixid=M3wxMjA3fDB8MHxwaG90by1wYWdlfHx8fGVufDB8fHx8fA%3D%3D','Phụ Kiện 22',4566.00,NULL,'phu-kien-22',20,'https://images.unsplash.com/photo-1622445275463-afa2ab738c34?q=80&w=1974&auto=format&fit=crop&ixlib=rb-4.0.3&ixid=M3wxMjA3fDB8MHxwaG90by1wYWdlfHx8fGVufDB8fHx8fA%3D%3D',NULL,3,8),(59,'Phụ Kiện 23',NULL,'https://images.unsplash.com/photo-1622445275463-afa2ab738c34?q=80&w=1974&auto=format&fit=crop&ixlib=rb-4.0.3&ixid=M3wxMjA3fDB8MHxwaG90by1wYWdlfHx8fGVufDB8fHx8fA%3D%3D,https://images.unsplash.com/photo-1622445275463-afa2ab738c34?q=80&w=1974&auto=format&fit=crop&ixlib=rb-4.0.3&ixid=M3wxMjA3fDB8MHxwaG90by1wYWdlfHx8fGVufDB8fHx8fA%3D%3D','Phụ Kiện 23',5756.00,NULL,'phu-kien-23',20,'https://images.unsplash.com/photo-1622445275463-afa2ab738c34?q=80&w=1974&auto=format&fit=crop&ixlib=rb-4.0.3&ixid=M3wxMjA3fDB8MHxwaG90by1wYWdlfHx8fGVufDB8fHx8fA%3D%3D',NULL,3,8),(60,'Phụ Kiện 24',NULL,'https://images.unsplash.com/photo-1622445275463-afa2ab738c34?q=80&w=1974&auto=format&fit=crop&ixlib=rb-4.0.3&ixid=M3wxMjA3fDB8MHxwaG90by1wYWdlfHx8fGVufDB8fHx8fA%3D%3D,https://images.unsplash.com/photo-1622445275463-afa2ab738c34?q=80&w=1974&auto=format&fit=crop&ixlib=rb-4.0.3&ixid=M3wxMjA3fDB8MHxwaG90by1wYWdlfHx8fGVufDB8fHx8fA%3D%3D','Phụ Kiện 24',786.00,NULL,'phu-kien-24',20,'https://images.unsplash.com/photo-1622445275463-afa2ab738c34?q=80&w=1974&auto=format&fit=crop&ixlib=rb-4.0.3&ixid=M3wxMjA3fDB8MHxwaG90by1wYWdlfHx8fGVufDB8fHx8fA%3D%3D',NULL,3,8),(61,'Phụ Kiện 25',NULL,'https://images.unsplash.com/photo-1622445275463-afa2ab738c34?q=80&w=1974&auto=format&fit=crop&ixlib=rb-4.0.3&ixid=M3wxMjA3fDB8MHxwaG90by1wYWdlfHx8fGVufDB8fHx8fA%3D%3D,https://images.unsplash.com/photo-1622445275463-afa2ab738c34?q=80&w=1974&auto=format&fit=crop&ixlib=rb-4.0.3&ixid=M3wxMjA3fDB8MHxwaG90by1wYWdlfHx8fGVufDB8fHx8fA%3D%3D','Phụ Kiện 25',234.00,NULL,'phu-kien-25',20,'https://images.unsplash.com/photo-1622445275463-afa2ab738c34?q=80&w=1974&auto=format&fit=crop&ixlib=rb-4.0.3&ixid=M3wxMjA3fDB8MHxwaG90by1wYWdlfHx8fGVufDB8fHx8fA%3D%3D',NULL,3,8),(62,'Phụ Kiện 26',NULL,'https://images.unsplash.com/photo-1622445275463-afa2ab738c34?q=80&w=1974&auto=format&fit=crop&ixlib=rb-4.0.3&ixid=M3wxMjA3fDB8MHxwaG90by1wYWdlfHx8fGVufDB8fHx8fA%3D%3D,https://images.unsplash.com/photo-1622445275463-afa2ab738c34?q=80&w=1974&auto=format&fit=crop&ixlib=rb-4.0.3&ixid=M3wxMjA3fDB8MHxwaG90by1wYWdlfHx8fGVufDB8fHx8fA%3D%3D','Phụ Kiện 26',9784.00,NULL,'phu-kien-26',20,'https://images.unsplash.com/photo-1622445275463-afa2ab738c34?q=80&w=1974&auto=format&fit=crop&ixlib=rb-4.0.3&ixid=M3wxMjA3fDB8MHxwaG90by1wYWdlfHx8fGVufDB8fHx8fA%3D%3D',NULL,3,8),(63,'Phụ Kiện 27',NULL,'https://images.unsplash.com/photo-1622445275463-afa2ab738c34?q=80&w=1974&auto=format&fit=crop&ixlib=rb-4.0.3&ixid=M3wxMjA3fDB8MHxwaG90by1wYWdlfHx8fGVufDB8fHx8fA%3D%3D,https://images.unsplash.com/photo-1622445275463-afa2ab738c34?q=80&w=1974&auto=format&fit=crop&ixlib=rb-4.0.3&ixid=M3wxMjA3fDB8MHxwaG90by1wYWdlfHx8fGVufDB8fHx8fA%3D%3D','Phụ Kiện 27',234.00,NULL,'phu-kien-27',20,'https://images.unsplash.com/photo-1622445275463-afa2ab738c34?q=80&w=1974&auto=format&fit=crop&ixlib=rb-4.0.3&ixid=M3wxMjA3fDB8MHxwaG90by1wYWdlfHx8fGVufDB8fHx8fA%3D%3D',NULL,3,8),(64,'Phụ Kiện 28',NULL,'https://images.unsplash.com/photo-1622445275463-afa2ab738c34?q=80&w=1974&auto=format&fit=crop&ixlib=rb-4.0.3&ixid=M3wxMjA3fDB8MHxwaG90by1wYWdlfHx8fGVufDB8fHx8fA%3D%3D,https://images.unsplash.com/photo-1622445275463-afa2ab738c34?q=80&w=1974&auto=format&fit=crop&ixlib=rb-4.0.3&ixid=M3wxMjA3fDB8MHxwaG90by1wYWdlfHx8fGVufDB8fHx8fA%3D%3D','Phụ Kiện 28',243.00,NULL,'phu-kien-28',20,'https://images.unsplash.com/photo-1622445275463-afa2ab738c34?q=80&w=1974&auto=format&fit=crop&ixlib=rb-4.0.3&ixid=M3wxMjA3fDB8MHxwaG90by1wYWdlfHx8fGVufDB8fHx8fA%3D%3D',NULL,3,8),(65,'Phụ Kiện 29',NULL,'https://images.unsplash.com/photo-1622445275463-afa2ab738c34?q=80&w=1974&auto=format&fit=crop&ixlib=rb-4.0.3&ixid=M3wxMjA3fDB8MHxwaG90by1wYWdlfHx8fGVufDB8fHx8fA%3D%3D,https://images.unsplash.com/photo-1622445275463-afa2ab738c34?q=80&w=1974&auto=format&fit=crop&ixlib=rb-4.0.3&ixid=M3wxMjA3fDB8MHxwaG90by1wYWdlfHx8fGVufDB8fHx8fA%3D%3D','Phụ Kiện 29',243.00,NULL,'phu-kien-29',20,'https://images.unsplash.com/photo-1622445275463-afa2ab738c34?q=80&w=1974&auto=format&fit=crop&ixlib=rb-4.0.3&ixid=M3wxMjA3fDB8MHxwaG90by1wYWdlfHx8fGVufDB8fHx8fA%3D%3D',NULL,3,9),(66,'Phụ Kiện 30',NULL,'https://images.unsplash.com/photo-1622445275463-afa2ab738c34?q=80&w=1974&auto=format&fit=crop&ixlib=rb-4.0.3&ixid=M3wxMjA3fDB8MHxwaG90by1wYWdlfHx8fGVufDB8fHx8fA%3D%3D,https://images.unsplash.com/photo-1622445275463-afa2ab738c34?q=80&w=1974&auto=format&fit=crop&ixlib=rb-4.0.3&ixid=M3wxMjA3fDB8MHxwaG90by1wYWdlfHx8fGVufDB8fHx8fA%3D%3D','Phụ Kiện 30',5434.00,NULL,'phu-kien-30',20,'https://images.unsplash.com/photo-1622445275463-afa2ab738c34?q=80&w=1974&auto=format&fit=crop&ixlib=rb-4.0.3&ixid=M3wxMjA3fDB8MHxwaG90by1wYWdlfHx8fGVufDB8fHx8fA%3D%3D',NULL,3,9),(67,'Phụ Kiện 31',NULL,'https://images.unsplash.com/photo-1622445275463-afa2ab738c34?q=80&w=1974&auto=format&fit=crop&ixlib=rb-4.0.3&ixid=M3wxMjA3fDB8MHxwaG90by1wYWdlfHx8fGVufDB8fHx8fA%3D%3D,https://images.unsplash.com/photo-1622445275463-afa2ab738c34?q=80&w=1974&auto=format&fit=crop&ixlib=rb-4.0.3&ixid=M3wxMjA3fDB8MHxwaG90by1wYWdlfHx8fGVufDB8fHx8fA%3D%3D','Phụ Kiện 31',2333.00,NULL,'phu-kien-31',20,'https://images.unsplash.com/photo-1622445275463-afa2ab738c34?q=80&w=1974&auto=format&fit=crop&ixlib=rb-4.0.3&ixid=M3wxMjA3fDB8MHxwaG90by1wYWdlfHx8fGVufDB8fHx8fA%3D%3D',NULL,3,9),(68,'Phụ Kiện 32',NULL,'https://images.unsplash.com/photo-1622445275463-afa2ab738c34?q=80&w=1974&auto=format&fit=crop&ixlib=rb-4.0.3&ixid=M3wxMjA3fDB8MHxwaG90by1wYWdlfHx8fGVufDB8fHx8fA%3D%3D,https://images.unsplash.com/photo-1622445275463-afa2ab738c34?q=80&w=1974&auto=format&fit=crop&ixlib=rb-4.0.3&ixid=M3wxMjA3fDB8MHxwaG90by1wYWdlfHx8fGVufDB8fHx8fA%3D%3D','Phụ Kiện 32',2333.00,NULL,'phu-kien-32',20,'https://images.unsplash.com/photo-1622445275463-afa2ab738c34?q=80&w=1974&auto=format&fit=crop&ixlib=rb-4.0.3&ixid=M3wxMjA3fDB8MHxwaG90by1wYWdlfHx8fGVufDB8fHx8fA%3D%3D',NULL,3,9),(69,'Phụ Kiện 33',NULL,'https://images.unsplash.com/photo-1622445275463-afa2ab738c34?q=80&w=1974&auto=format&fit=crop&ixlib=rb-4.0.3&ixid=M3wxMjA3fDB8MHxwaG90by1wYWdlfHx8fGVufDB8fHx8fA%3D%3D,https://images.unsplash.com/photo-1622445275463-afa2ab738c34?q=80&w=1974&auto=format&fit=crop&ixlib=rb-4.0.3&ixid=M3wxMjA3fDB8MHxwaG90by1wYWdlfHx8fGVufDB8fHx8fA%3D%3D','Phụ Kiện 33',2333.00,NULL,'phu-kien-33',20,'https://images.unsplash.com/photo-1622445275463-afa2ab738c34?q=80&w=1974&auto=format&fit=crop&ixlib=rb-4.0.3&ixid=M3wxMjA3fDB8MHxwaG90by1wYWdlfHx8fGVufDB8fHx8fA%3D%3D',NULL,3,9),(70,'Phụ Kiện 34',NULL,'https://images.unsplash.com/photo-1622445275463-afa2ab738c34?q=80&w=1974&auto=format&fit=crop&ixlib=rb-4.0.3&ixid=M3wxMjA3fDB8MHxwaG90by1wYWdlfHx8fGVufDB8fHx8fA%3D%3D,https://images.unsplash.com/photo-1622445275463-afa2ab738c34?q=80&w=1974&auto=format&fit=crop&ixlib=rb-4.0.3&ixid=M3wxMjA3fDB8MHxwaG90by1wYWdlfHx8fGVufDB8fHx8fA%3D%3D','Phụ Kiện 34',2333.00,NULL,'phu-kien-34',20,'https://images.unsplash.com/photo-1622445275463-afa2ab738c34?q=80&w=1974&auto=format&fit=crop&ixlib=rb-4.0.3&ixid=M3wxMjA3fDB8MHxwaG90by1wYWdlfHx8fGVufDB8fHx8fA%3D%3D',NULL,3,9),(71,'Phụ Kiện 35',NULL,'https://images.unsplash.com/photo-1622445275463-afa2ab738c34?q=80&w=1974&auto=format&fit=crop&ixlib=rb-4.0.3&ixid=M3wxMjA3fDB8MHxwaG90by1wYWdlfHx8fGVufDB8fHx8fA%3D%3D,https://images.unsplash.com/photo-1622445275463-afa2ab738c34?q=80&w=1974&auto=format&fit=crop&ixlib=rb-4.0.3&ixid=M3wxMjA3fDB8MHxwaG90by1wYWdlfHx8fGVufDB8fHx8fA%3D%3D','Phụ Kiện 35',2333.00,NULL,'phu-kien-35',20,'https://images.unsplash.com/photo-1622445275463-afa2ab738c34?q=80&w=1974&auto=format&fit=crop&ixlib=rb-4.0.3&ixid=M3wxMjA3fDB8MHxwaG90by1wYWdlfHx8fGVufDB8fHx8fA%3D%3D',NULL,3,9),(72,'Phụ Kiện 36',NULL,'https://images.unsplash.com/photo-1622445275463-afa2ab738c34?q=80&w=1974&auto=format&fit=crop&ixlib=rb-4.0.3&ixid=M3wxMjA3fDB8MHxwaG90by1wYWdlfHx8fGVufDB8fHx8fA%3D%3D,https://images.unsplash.com/photo-1622445275463-afa2ab738c34?q=80&w=1974&auto=format&fit=crop&ixlib=rb-4.0.3&ixid=M3wxMjA3fDB8MHxwaG90by1wYWdlfHx8fGVufDB8fHx8fA%3D%3D','Phụ Kiện 36',2333.00,NULL,'phu-kien-36',20,'https://images.unsplash.com/photo-1622445275463-afa2ab738c34?q=80&w=1974&auto=format&fit=crop&ixlib=rb-4.0.3&ixid=M3wxMjA3fDB8MHxwaG90by1wYWdlfHx8fGVufDB8fHx8fA%3D%3D',NULL,3,9),(73,'Phụ Kiện 37',NULL,'https://images.unsplash.com/photo-1622445275463-afa2ab738c34?q=80&w=1974&auto=format&fit=crop&ixlib=rb-4.0.3&ixid=M3wxMjA3fDB8MHxwaG90by1wYWdlfHx8fGVufDB8fHx8fA%3D%3D,https://images.unsplash.com/photo-1622445275463-afa2ab738c34?q=80&w=1974&auto=format&fit=crop&ixlib=rb-4.0.3&ixid=M3wxMjA3fDB8MHxwaG90by1wYWdlfHx8fGVufDB8fHx8fA%3D%3D','Phụ Kiện 37',2434.00,NULL,'phu-kien-37',20,'https://images.unsplash.com/photo-1622445275463-afa2ab738c34?q=80&w=1974&auto=format&fit=crop&ixlib=rb-4.0.3&ixid=M3wxMjA3fDB8MHxwaG90by1wYWdlfHx8fGVufDB8fHx8fA%3D%3D',NULL,3,9),(74,'Phụ Kiện 38',NULL,'https://images.unsplash.com/photo-1622445275463-afa2ab738c34?q=80&w=1974&auto=format&fit=crop&ixlib=rb-4.0.3&ixid=M3wxMjA3fDB8MHxwaG90by1wYWdlfHx8fGVufDB8fHx8fA%3D%3D,https://images.unsplash.com/photo-1622445275463-afa2ab738c34?q=80&w=1974&auto=format&fit=crop&ixlib=rb-4.0.3&ixid=M3wxMjA3fDB8MHxwaG90by1wYWdlfHx8fGVufDB8fHx8fA%3D%3D','Phụ Kiện 38',2434.00,NULL,'phu-kien-38',20,'https://images.unsplash.com/photo-1622445275463-afa2ab738c34?q=80&w=1974&auto=format&fit=crop&ixlib=rb-4.0.3&ixid=M3wxMjA3fDB8MHxwaG90by1wYWdlfHx8fGVufDB8fHx8fA%3D%3D',NULL,3,9),(75,'Phụ Kiện 40',NULL,'https://images.unsplash.com/photo-1622445275463-afa2ab738c34?q=80&w=1974&auto=format&fit=crop&ixlib=rb-4.0.3&ixid=M3wxMjA3fDB8MHxwaG90by1wYWdlfHx8fGVufDB8fHx8fA%3D%3D,https://images.unsplash.com/photo-1622445275463-afa2ab738c34?q=80&w=1974&auto=format&fit=crop&ixlib=rb-4.0.3&ixid=M3wxMjA3fDB8MHxwaG90by1wYWdlfHx8fGVufDB8fHx8fA%3D%3D','Phụ Kiện 40',4332.00,NULL,'phu-kien-40',20,'https://images.unsplash.com/photo-1622445275463-afa2ab738c34?q=80&w=1974&auto=format&fit=crop&ixlib=rb-4.0.3&ixid=M3wxMjA3fDB8MHxwaG90by1wYWdlfHx8fGVufDB8fHx8fA%3D%3D',NULL,3,10),(76,'Phụ Kiện 41',NULL,'https://images.unsplash.com/photo-1622445275463-afa2ab738c34?q=80&w=1974&auto=format&fit=crop&ixlib=rb-4.0.3&ixid=M3wxMjA3fDB8MHxwaG90by1wYWdlfHx8fGVufDB8fHx8fA%3D%3D,https://images.unsplash.com/photo-1622445275463-afa2ab738c34?q=80&w=1974&auto=format&fit=crop&ixlib=rb-4.0.3&ixid=M3wxMjA3fDB8MHxwaG90by1wYWdlfHx8fGVufDB8fHx8fA%3D%3D','Phụ Kiện 41',3454.00,NULL,'phu-kien-41',20,'https://images.unsplash.com/photo-1622445275463-afa2ab738c34?q=80&w=1974&auto=format&fit=crop&ixlib=rb-4.0.3&ixid=M3wxMjA3fDB8MHxwaG90by1wYWdlfHx8fGVufDB8fHx8fA%3D%3D',NULL,3,10),(77,'Phụ Kiện 42',NULL,'https://images.unsplash.com/photo-1622445275463-afa2ab738c34?q=80&w=1974&auto=format&fit=crop&ixlib=rb-4.0.3&ixid=M3wxMjA3fDB8MHxwaG90by1wYWdlfHx8fGVufDB8fHx8fA%3D%3D,https://images.unsplash.com/photo-1622445275463-afa2ab738c34?q=80&w=1974&auto=format&fit=crop&ixlib=rb-4.0.3&ixid=M3wxMjA3fDB8MHxwaG90by1wYWdlfHx8fGVufDB8fHx8fA%3D%3D','Phụ Kiện 42',5456.00,NULL,'phu-kien-42',20,'https://images.unsplash.com/photo-1622445275463-afa2ab738c34?q=80&w=1974&auto=format&fit=crop&ixlib=rb-4.0.3&ixid=M3wxMjA3fDB8MHxwaG90by1wYWdlfHx8fGVufDB8fHx8fA%3D%3D',NULL,3,10),(78,'Phụ Kiện 43',NULL,'https://images.unsplash.com/photo-1622445275463-afa2ab738c34?q=80&w=1974&auto=format&fit=crop&ixlib=rb-4.0.3&ixid=M3wxMjA3fDB8MHxwaG90by1wYWdlfHx8fGVufDB8fHx8fA%3D%3D,https://images.unsplash.com/photo-1622445275463-afa2ab738c34?q=80&w=1974&auto=format&fit=crop&ixlib=rb-4.0.3&ixid=M3wxMjA3fDB8MHxwaG90by1wYWdlfHx8fGVufDB8fHx8fA%3D%3D','Phụ Kiện 43',5456.00,NULL,'phu-kien-43',20,'https://images.unsplash.com/photo-1622445275463-afa2ab738c34?q=80&w=1974&auto=format&fit=crop&ixlib=rb-4.0.3&ixid=M3wxMjA3fDB8MHxwaG90by1wYWdlfHx8fGVufDB8fHx8fA%3D%3D',NULL,3,10),(79,'Phụ Kiện 44',NULL,'https://images.unsplash.com/photo-1622445275463-afa2ab738c34?q=80&w=1974&auto=format&fit=crop&ixlib=rb-4.0.3&ixid=M3wxMjA3fDB8MHxwaG90by1wYWdlfHx8fGVufDB8fHx8fA%3D%3D,https://images.unsplash.com/photo-1622445275463-afa2ab738c34?q=80&w=1974&auto=format&fit=crop&ixlib=rb-4.0.3&ixid=M3wxMjA3fDB8MHxwaG90by1wYWdlfHx8fGVufDB8fHx8fA%3D%3D','Phụ Kiện 44',5456.00,NULL,'phu-kien-44',20,'https://images.unsplash.com/photo-1622445275463-afa2ab738c34?q=80&w=1974&auto=format&fit=crop&ixlib=rb-4.0.3&ixid=M3wxMjA3fDB8MHxwaG90by1wYWdlfHx8fGVufDB8fHx8fA%3D%3D',NULL,3,10),(80,'Phụ Kiện 45',NULL,'https://images.unsplash.com/photo-1622445275463-afa2ab738c34?q=80&w=1974&auto=format&fit=crop&ixlib=rb-4.0.3&ixid=M3wxMjA3fDB8MHxwaG90by1wYWdlfHx8fGVufDB8fHx8fA%3D%3D,https://images.unsplash.com/photo-1622445275463-afa2ab738c34?q=80&w=1974&auto=format&fit=crop&ixlib=rb-4.0.3&ixid=M3wxMjA3fDB8MHxwaG90by1wYWdlfHx8fGVufDB8fHx8fA%3D%3D','Phụ Kiện 45',3455.00,NULL,'phu-kien-45',20,'https://images.unsplash.com/photo-1622445275463-afa2ab738c34?q=80&w=1974&auto=format&fit=crop&ixlib=rb-4.0.3&ixid=M3wxMjA3fDB8MHxwaG90by1wYWdlfHx8fGVufDB8fHx8fA%3D%3D',NULL,3,10),(81,'Phụ Kiện 46',NULL,'https://images.unsplash.com/photo-1622445275463-afa2ab738c34?q=80&w=1974&auto=format&fit=crop&ixlib=rb-4.0.3&ixid=M3wxMjA3fDB8MHxwaG90by1wYWdlfHx8fGVufDB8fHx8fA%3D%3D,https://images.unsplash.com/photo-1622445275463-afa2ab738c34?q=80&w=1974&auto=format&fit=crop&ixlib=rb-4.0.3&ixid=M3wxMjA3fDB8MHxwaG90by1wYWdlfHx8fGVufDB8fHx8fA%3D%3D','Phụ Kiện 46',3455.00,NULL,'phu-kien-46',20,'https://images.unsplash.com/photo-1622445275463-afa2ab738c34?q=80&w=1974&auto=format&fit=crop&ixlib=rb-4.0.3&ixid=M3wxMjA3fDB8MHxwaG90by1wYWdlfHx8fGVufDB8fHx8fA%3D%3D',NULL,3,10),(82,'Phụ Kiện 47',NULL,'https://images.unsplash.com/photo-1622445275463-afa2ab738c34?q=80&w=1974&auto=format&fit=crop&ixlib=rb-4.0.3&ixid=M3wxMjA3fDB8MHxwaG90by1wYWdlfHx8fGVufDB8fHx8fA%3D%3D,https://images.unsplash.com/photo-1622445275463-afa2ab738c34?q=80&w=1974&auto=format&fit=crop&ixlib=rb-4.0.3&ixid=M3wxMjA3fDB8MHxwaG90by1wYWdlfHx8fGVufDB8fHx8fA%3D%3D','Phụ Kiện 47',8765.00,NULL,'phu-kien-47',20,'https://images.unsplash.com/photo-1622445275463-afa2ab738c34?q=80&w=1974&auto=format&fit=crop&ixlib=rb-4.0.3&ixid=M3wxMjA3fDB8MHxwaG90by1wYWdlfHx8fGVufDB8fHx8fA%3D%3D',NULL,3,10),(83,'Phụ Kiện 48',NULL,'https://images.unsplash.com/photo-1622445275463-afa2ab738c34?q=80&w=1974&auto=format&fit=crop&ixlib=rb-4.0.3&ixid=M3wxMjA3fDB8MHxwaG90by1wYWdlfHx8fGVufDB8fHx8fA%3D%3D,https://images.unsplash.com/photo-1622445275463-afa2ab738c34?q=80&w=1974&auto=format&fit=crop&ixlib=rb-4.0.3&ixid=M3wxMjA3fDB8MHxwaG90by1wYWdlfHx8fGVufDB8fHx8fA%3D%3D','Phụ Kiện 48',8765.00,NULL,'phu-kien-48',20,'https://images.unsplash.com/photo-1622445275463-afa2ab738c34?q=80&w=1974&auto=format&fit=crop&ixlib=rb-4.0.3&ixid=M3wxMjA3fDB8MHxwaG90by1wYWdlfHx8fGVufDB8fHx8fA%3D%3D',NULL,3,10),(84,'Phụ Kiện 49',NULL,'https://images.unsplash.com/photo-1622445275463-afa2ab738c34?q=80&w=1974&auto=format&fit=crop&ixlib=rb-4.0.3&ixid=M3wxMjA3fDB8MHxwaG90by1wYWdlfHx8fGVufDB8fHx8fA%3D%3D,https://images.unsplash.com/photo-1622445275463-afa2ab738c34?q=80&w=1974&auto=format&fit=crop&ixlib=rb-4.0.3&ixid=M3wxMjA3fDB8MHxwaG90by1wYWdlfHx8fGVufDB8fHx8fA%3D%3D','Phụ Kiện 49',8765.00,NULL,'phu-kien-49',20,'https://images.unsplash.com/photo-1622445275463-afa2ab738c34?q=80&w=1974&auto=format&fit=crop&ixlib=rb-4.0.3&ixid=M3wxMjA3fDB8MHxwaG90by1wYWdlfHx8fGVufDB8fHx8fA%3D%3D',NULL,3,10),(85,'Phụ Kiện 50',NULL,'https://images.unsplash.com/photo-1622445275463-afa2ab738c34?q=80&w=1974&auto=format&fit=crop&ixlib=rb-4.0.3&ixid=M3wxMjA3fDB8MHxwaG90by1wYWdlfHx8fGVufDB8fHx8fA%3D%3D,https://images.unsplash.com/photo-1622445275463-afa2ab738c34?q=80&w=1974&auto=format&fit=crop&ixlib=rb-4.0.3&ixid=M3wxMjA3fDB8MHxwaG90by1wYWdlfHx8fGVufDB8fHx8fA%3D%3D','Phụ Kiện 50',2324.00,NULL,'phu-kien-50',20,'https://images.unsplash.com/photo-1622445275463-afa2ab738c34?q=80&w=1974&auto=format&fit=crop&ixlib=rb-4.0.3&ixid=M3wxMjA3fDB8MHxwaG90by1wYWdlfHx8fGVufDB8fHx8fA%3D%3D',NULL,3,10);
/*!40000 ALTER TABLE `product` ENABLE KEYS */;
UNLOCK TABLES;

--
-- Table structure for table `product_color`
--

DROP TABLE IF EXISTS `product_color`;
/*!40101 SET @saved_cs_client     = @@character_set_client */;
/*!50503 SET character_set_client = utf8mb4 */;
CREATE TABLE `product_color` (
  `product_id` bigint NOT NULL,
  `color_id` bigint NOT NULL,
  PRIMARY KEY (`product_id`,`color_id`),
  KEY `FK3iys6jgmsdkw7w5ncgm55wgj3` (`color_id`),
  CONSTRAINT `FK3iys6jgmsdkw7w5ncgm55wgj3` FOREIGN KEY (`color_id`) REFERENCES `color` (`id`),
  CONSTRAINT `FKqb6lncpndi0w5po3rr5r9up5e` FOREIGN KEY (`product_id`) REFERENCES `product` (`id`)
) ENGINE=InnoDB DEFAULT CHARSET=utf8mb3;
/*!40101 SET character_set_client = @saved_cs_client */;

--
-- Dumping data for table `product_color`
--

LOCK TABLES `product_color` WRITE;
/*!40000 ALTER TABLE `product_color` DISABLE KEYS */;
INSERT INTO `product_color` VALUES (1,1),(2,1),(6,1),(7,1),(8,1),(9,1),(10,1),(11,1),(12,1),(13,1),(14,1),(15,1),(16,1),(17,1),(18,1),(19,1),(20,1),(21,1),(22,1),(23,1),(24,1),(25,1),(26,1),(27,1),(28,1),(29,1),(30,1),(31,1),(32,1),(33,1),(34,1),(35,1),(36,1),(37,1),(38,1),(39,1),(40,1),(41,1),(42,1),(43,1),(44,1),(45,1),(46,1),(47,1),(48,1),(49,1),(50,1),(51,1),(52,1),(53,1),(54,1),(55,1),(56,1),(57,1),(58,1),(59,1),(60,1),(61,1),(62,1),(63,1),(64,1),(65,1),(66,1),(67,1),(68,1),(69,1),(70,1),(71,1),(72,1),(73,1),(74,1),(75,1),(76,1),(77,1),(78,1),(79,1),(80,1),(81,1),(82,1),(83,1),(84,1),(85,1),(1,2),(2,2),(1,3),(2,3),(3,3),(4,3),(5,3),(6,3),(7,3),(8,3),(9,3),(10,3),(11,3),(12,3),(13,3),(14,3),(15,3),(16,3),(17,3),(18,3),(19,3),(20,3),(21,3),(22,3),(23,3),(24,3),(25,3),(26,3),(27,3),(28,3),(29,3),(30,3),(31,3),(32,3),(33,3),(34,3),(35,3),(36,3),(37,3),(38,3),(39,3),(40,3),(41,3),(42,3),(43,3),(44,3),(45,3),(46,3),(47,3),(48,3),(49,3),(50,3),(51,3),(52,3),(53,3),(54,3),(55,3),(56,3),(57,3),(58,3),(59,3),(60,3),(61,3),(62,3),(63,3),(64,3),(65,3),(66,3),(67,3),(68,3),(69,3),(70,3),(71,3),(72,3),(73,3),(74,3),(75,3),(76,3),(77,3),(78,3),(79,3),(80,3),(81,3),(82,3),(83,3),(84,3),(85,3),(1,4),(1,5),(3,5),(4,5),(5,5),(6,5),(7,5),(8,5),(9,5),(10,5),(11,5),(12,5),(13,5),(14,5),(15,5),(16,5),(17,5),(18,5),(19,5),(20,5),(21,5),(22,5),(23,5),(24,5),(25,5),(26,5),(27,5),(28,5),(29,5),(30,5),(31,5),(32,5),(33,5),(34,5),(35,5),(36,5),(37,5),(38,5),(39,5),(40,5),(41,5),(42,5),(43,5),(44,5),(45,5),(46,5),(47,5),(48,5),(49,5),(50,5),(51,5),(52,5),(53,5),(54,5),(55,5),(56,5),(57,5),(58,5),(59,5),(60,5),(61,5),(62,5),(63,5),(64,5),(65,5),(66,5),(67,5),(68,5),(69,5),(70,5),(71,5),(72,5),(73,5),(74,5),(75,5),(76,5),(77,5),(78,5),(79,5),(80,5),(81,5),(82,5),(83,5),(84,5),(85,5),(3,6),(4,6),(5,6),(6,6),(7,6),(8,6),(9,6),(10,6),(11,6),(12,6),(13,6),(14,6),(15,6),(16,6),(17,6),(18,6),(19,6),(20,6),(21,6),(22,6),(23,6),(24,6),(25,6),(26,6),(27,6),(28,6),(29,6),(30,6),(31,6),(32,6),(33,6),(34,6),(35,6),(36,6),(37,6),(38,6),(39,6),(40,6),(41,6),(42,6),(43,6),(44,6),(45,6),(46,6),(47,6),(48,6),(49,6),(50,6),(51,6),(52,6),(53,6),(54,6),(55,6),(56,6),(57,6),(58,6),(59,6),(60,6),(61,6),(62,6),(63,6),(64,6),(65,6),(66,6),(67,6),(68,6),(69,6),(70,6),(71,6),(72,6),(73,6),(74,6),(75,6),(76,6),(77,6),(78,6),(79,6),(80,6),(81,6),(82,6),(83,6),(84,6),(85,6);
/*!40000 ALTER TABLE `product_color` ENABLE KEYS */;
UNLOCK TABLES;

--
-- Table structure for table `product_size`
--

DROP TABLE IF EXISTS `product_size`;
/*!40101 SET @saved_cs_client     = @@character_set_client */;
/*!50503 SET character_set_client = utf8mb4 */;
CREATE TABLE `product_size` (
  `product_id` bigint NOT NULL,
  `size_id` bigint NOT NULL,
  PRIMARY KEY (`product_id`,`size_id`),
  KEY `FKnlkh5xcjuopsnoimdvmumioia` (`size_id`),
  CONSTRAINT `FK8i3jm2ctt0lsyeik2wt76yvv0` FOREIGN KEY (`product_id`) REFERENCES `product` (`id`),
  CONSTRAINT `FKnlkh5xcjuopsnoimdvmumioia` FOREIGN KEY (`size_id`) REFERENCES `size` (`id`)
) ENGINE=InnoDB DEFAULT CHARSET=utf8mb3;
/*!40101 SET character_set_client = @saved_cs_client */;

--
-- Dumping data for table `product_size`
--

LOCK TABLES `product_size` WRITE;
/*!40000 ALTER TABLE `product_size` DISABLE KEYS */;
INSERT INTO `product_size` VALUES (1,1),(2,1),(3,1),(4,1),(5,1),(6,1),(7,1),(8,1),(9,1),(10,1),(11,1),(12,1),(13,1),(14,1),(15,1),(16,1),(17,1),(18,1),(19,1),(20,1),(21,1),(22,1),(23,1),(24,1),(25,1),(26,1),(27,1),(28,1),(29,1),(30,1),(31,1),(32,1),(33,1),(34,1),(35,1),(36,1),(37,1),(38,1),(39,1),(40,1),(41,1),(42,1),(43,1),(44,1),(45,1),(46,1),(47,1),(48,1),(49,1),(50,1),(51,1),(52,1),(53,1),(54,1),(55,1),(56,1),(57,1),(58,1),(59,1),(60,1),(61,1),(62,1),(63,1),(64,1),(65,1),(66,1),(67,1),(68,1),(69,1),(70,1),(71,1),(72,1),(73,1),(74,1),(75,1),(76,1),(77,1),(78,1),(79,1),(80,1),(81,1),(82,1),(83,1),(84,1),(85,1),(1,2),(2,2),(3,2),(4,2),(5,2),(6,2),(7,2),(8,2),(9,2),(10,2),(11,2),(12,2),(13,2),(14,2),(15,2),(16,2),(17,2),(18,2),(19,2),(20,2),(21,2),(22,2),(23,2),(24,2),(25,2),(26,2),(27,2),(28,2),(29,2),(30,2),(31,2),(32,2),(33,2),(34,2),(35,2),(36,2),(37,2),(38,2),(39,2),(40,2),(41,2),(42,2),(43,2),(44,2),(45,2),(46,2),(47,2),(48,2),(49,2),(50,2),(51,2),(52,2),(53,2),(54,2),(55,2),(56,2),(57,2),(58,2),(59,2),(60,2),(61,2),(62,2),(63,2),(64,2),(65,2),(66,2),(67,2),(68,2),(69,2),(70,2),(71,2),(72,2),(73,2),(74,2),(75,2),(76,2),(77,2),(78,2),(79,2),(80,2),(81,2),(82,2),(83,2),(84,2),(85,2),(1,3),(2,3),(3,3),(4,3),(5,3),(6,3),(7,3),(8,3),(9,3),(10,3),(11,3),(12,3),(13,3),(14,3),(15,3),(16,3),(17,3),(18,3),(19,3),(20,3),(21,3),(22,3),(23,3),(24,3),(25,3),(26,3),(27,3),(28,3),(29,3),(30,3),(31,3),(32,3),(33,3),(34,3),(35,3),(36,3),(37,3),(38,3),(39,3),(40,3),(41,3),(42,3),(43,3),(44,3),(45,3),(46,3),(47,3),(48,3),(49,3),(50,3),(51,3),(52,3),(53,3),(54,3),(55,3),(56,3),(57,3),(58,3),(59,3),(60,3),(61,3),(62,3),(63,3),(64,3),(65,3),(66,3),(67,3),(68,3),(69,3),(70,3),(71,3),(72,3),(73,3),(74,3),(75,3),(76,3),(77,3),(78,3),(79,3),(80,3),(81,3),(82,3),(83,3),(84,3),(85,3),(1,4),(3,4),(4,4),(5,4),(6,4),(7,4),(8,4),(9,4),(10,4),(11,4),(12,4),(13,4),(14,4),(15,4),(16,4),(17,4),(18,4),(19,4),(20,4),(21,4),(22,4),(23,4),(24,4),(25,4),(26,4),(27,4),(28,4),(29,4),(30,4),(31,4),(32,4),(33,4),(34,4),(35,4),(36,4),(37,4),(38,4),(39,4),(40,4),(41,4),(42,4),(43,4),(44,4),(45,4),(46,4),(47,4),(48,4),(49,4),(50,4),(51,4),(52,4),(53,4),(54,4),(55,4),(56,4),(57,4),(58,4),(59,4),(60,4),(61,4),(62,4),(63,4),(64,4),(65,4),(66,4),(67,4),(68,4),(69,4),(70,4),(71,4),(72,4),(73,4),(74,4),(75,4),(76,4),(77,4),(78,4),(79,4),(80,4),(81,4),(82,4),(83,4),(84,4),(85,4),(1,5),(3,5),(4,5),(5,5),(6,5),(7,5),(8,5),(9,5),(10,5),(11,5),(12,5),(13,5),(14,5),(15,5),(16,5),(17,5),(18,5),(19,5),(20,5),(21,5),(22,5),(23,5),(24,5),(25,5),(26,5),(27,5),(28,5),(29,5),(30,5),(31,5),(32,5),(33,5),(34,5),(35,5),(36,5),(37,5),(38,5),(39,5),(40,5),(41,5),(42,5),(43,5),(44,5),(45,5),(46,5),(47,5),(48,5),(49,5),(50,5),(51,5),(52,5),(53,5),(54,5),(55,5),(56,5),(57,5),(58,5),(59,5),(60,5),(61,5),(62,5),(63,5),(64,5),(65,5),(66,5),(67,5),(68,5),(69,5),(70,5),(71,5),(72,5),(73,5),(74,5),(75,5),(76,5),(77,5),(78,5),(79,5),(80,5),(81,5),(82,5),(83,5),(84,5),(85,5);
/*!40000 ALTER TABLE `product_size` ENABLE KEYS */;
UNLOCK TABLES;

--
-- Table structure for table `size`
--

DROP TABLE IF EXISTS `size`;
/*!40101 SET @saved_cs_client     = @@character_set_client */;
/*!50503 SET character_set_client = utf8mb4 */;
CREATE TABLE `size` (
  `id` bigint NOT NULL AUTO_INCREMENT,
  `code` varchar(255) DEFAULT NULL,
  `name` varchar(255) DEFAULT NULL,
  PRIMARY KEY (`id`)
) ENGINE=InnoDB AUTO_INCREMENT=7 DEFAULT CHARSET=utf8mb3;
/*!40101 SET character_set_client = @saved_cs_client */;

--
-- Dumping data for table `size`
--

LOCK TABLES `size` WRITE;
/*!40000 ALTER TABLE `size` DISABLE KEYS */;
INSERT INTO `size` VALUES (1,'s','S'),(2,'m','M'),(3,'l','L'),(4,'xl','XL'),(5,'xll','XLL'),(6,'xxl','Big');
/*!40000 ALTER TABLE `size` ENABLE KEYS */;
UNLOCK TABLES;

--
-- Table structure for table `style`
--

DROP TABLE IF EXISTS `style`;
/*!40101 SET @saved_cs_client     = @@character_set_client */;
/*!50503 SET character_set_client = utf8mb4 */;
CREATE TABLE `style` (
  `id` bigint NOT NULL AUTO_INCREMENT,
  `name` varchar(255) DEFAULT NULL,
  `slug` varchar(255) DEFAULT NULL,
  PRIMARY KEY (`id`)
) ENGINE=InnoDB AUTO_INCREMENT=11 DEFAULT CHARSET=utf8mb3;
/*!40101 SET character_set_client = @saved_cs_client */;

--
-- Dumping data for table `style`
--

LOCK TABLES `style` WRITE;
/*!40000 ALTER TABLE `style` DISABLE KEYS */;
INSERT INTO `style` VALUES (1,'Modern 2','modern-2'),(2,'Streetwear','streetwear'),(3,'Colorfull','colorfull'),(4,'Nội thất hiện đại','noi-that-hien-ai'),(5,'Nội thất tương lai','noi-that-tuong-lai'),(6,'Nội thất cổ điển','noi-that-co-ien'),(7,'Vingate','vingate'),(8,'Không dây','khong-day'),(9,'Có dây','co-day'),(10,'Nút Bấm','nut-bam');
/*!40000 ALTER TABLE `style` ENABLE KEYS */;
UNLOCK TABLES;
/*!40103 SET TIME_ZONE=@OLD_TIME_ZONE */;

/*!40101 SET SQL_MODE=@OLD_SQL_MODE */;
/*!40014 SET FOREIGN_KEY_CHECKS=@OLD_FOREIGN_KEY_CHECKS */;
/*!40014 SET UNIQUE_CHECKS=@OLD_UNIQUE_CHECKS */;
/*!40101 SET CHARACTER_SET_CLIENT=@OLD_CHARACTER_SET_CLIENT */;
/*!40101 SET CHARACTER_SET_RESULTS=@OLD_CHARACTER_SET_RESULTS */;
/*!40101 SET COLLATION_CONNECTION=@OLD_COLLATION_CONNECTION */;
/*!40111 SET SQL_NOTES=@OLD_SQL_NOTES */;

-- Dump completed on 2024-09-30  1:57:27
